Rk,Player,Tm,Pos,Shift,GP,TOI Even Strength,CF% Rel Even Strength,GF/60 Even Strength,GA/60 Even Strength,TOI Power Play,CF% Rel Power Play,GF/60 Power Play,GA/60 Power Play,TOI Short Handed,CF% Rel Short Handed,GF/60 Short Handed,GA/60 Short Handed
1,A.J. Greer-greeraj01,COL,LW,0:49,17,7:13,-4.3,2,1,0:09,-11.5,0,0,0:00,,,
2,Aaron Ekblad-ekblaaa01,FLA,D,0:53,82,19:01,-0.5,3.3,3.2,2:07,-0.7,7.3,0.3,2:14,-0.7,2.3,6.6
3,Aaron Ness-nessaa01,WSH,D,0:40,8,11:52,-4.4,3.8,2.5,0:00,,,,0:49,9.9,0,9.2
4,Adam Clendening-clendad01,ARI,D,0:42,5,15:27,-4.8,3.1,3.9,0:20,-37,0,0,0:07,-14.8,0,92.3
5,Adam Cracknell-crackad01,TOT,RW,0:32,5,6:46,-9.5,0,2.4,0:00,,,,0:56,-11.8,0,12.7
6,Adam Erne-ernead01,TBL,LW,0:45,23,10:01,1.1,2.3,2.6,0:04,-88.4,0,0,0:01,,,
7,Adam Gaudette-gaudead01,VAN,C,0:37,5,12:02,0.9,2,0,0:44,-9.9,0,0,0:00,,,
8,Adam Henrique-henriad01,TOT,C,0:45,81,13:41,-0.3,3.2,1.8,2:31,4.9,7.7,1.2,1:34,9.8,2.1,2.1
9,Adam Larsson-larssad01,EDM,D,0:48,63,19:27,-0.8,2.9,2.6,0:04,-11.1,0,0,2:23,-2.8,0.8,6.4
10,Adam Lowry-lowryad01,WPG,LW,0:45,45,12:04,4.8,2.7,1.9,0:46,7.1,6.9,0,2:02,9.1,1.3,6.5
11,Adam McQuaid-mcquaad01,BOS,D,0:41,38,13:35,-4.6,2,2.3,0:01,,,,2:05,-4.7,0.8,3
12,Adam Pelech-pelecad01,NYI,D,0:43,78,16:41,0.8,2.9,2.6,0:19,-3,7.3,0,2:15,-2.7,0.7,10.2
13,Adrian Kempe-kempead01,LAK,LW,0:34,81,12:08,-2.7,2.7,1.9,1:06,-5.5,5.4,1.3,0:04,18.3,0,5.7
14,Alan Quine-quineal01,NYI,C,0:45,21,11:19,-8.9,2.1,2.6,0:05,18.1,0,0,0:19,-5.2,0,0
15,Alec Martinez-martial01,LAK,D,0:46,77,18:32,-5.6,2.5,2.4,1:56,0,8.1,1.2,2:22,3.3,0.6,5.8
16,Aleksander Barkov-barkoal01,FLA,C,0:43,79,16:56,3.5,3.6,3.3,3:22,-0.1,6.7,0.6,1:45,1.7,2.2,3
17,Ales Hemsky-hemskal01,MTL,RW,0:25,7,7:19,-3.2,0,1.2,2:34,7.9,3.3,0,0:01,-16.7,0,22.5
18,Alex Biega-biegaal01,VAN,D,0:56,44,14:11,3.1,1.8,1.7,0:02,16.2,0,0,0:47,8.7,3.4,5.1
19,Alex Broadhurst-broadal01,CBJ,C,0:55,2,9:37,12.3,0,0,0:25,13.3,0,0,0:00,,,
20,Alex Chiasson-chiasal01,WSH,RW,0:43,61,9:28,-4.6,2.8,3,0:37,-2.2,1.6,0,1:39,1.8,1.8,9.5
21,Alex DeBrincat-debrial01,CHI,RW,0:46,82,12:36,2.2,3.4,2.9,2:02,-4.3,6.1,1.4,0:08,0,0,4.9
22,Alex Formenton-formeal01,OTT,LW,0:42,1,4:54,-11.6,0,0,0:00,,,,0:00,,,
23,Alex Galchenyuk-galchal01,MTL,C,0:47,82,13:16,-1.5,1.7,3.1,2:55,-1.1,8.8,1.2,0:01,-10.4,0,0
24,Alex Goligoski-goligal01,ARI,D,0:48,78,19:25,-2.7,2,3.2,1:56,-4.7,5.4,1.6,1:55,0.9,0.8,6.2
25,Alex Iafallo-iafalal01,LAK,C,0:53,75,14:11,3,2.7,2.1,0:32,0.3,8.8,0,0:21,-5.6,0,7.9
26,Alex Killorn-killoal01,TBL,C/LW,0:59,82,11:57,4,3.7,2.4,2:51,2.8,9.1,0.3,1:41,-1.1,0.4,6.5
27,Alex Ovechkin-ovechal01,WSH,LW,1:07,82,15:55,5,3.5,3.1,4:11,8.4,9.2,1.2,0:01,52.7,0,0
28,Alex Pietrangelo-pietral01,STL,D,0:57,78,20:21,-0.3,2.9,2.5,3:02,-3,4.8,1.8,2:19,-1.8,1.3,8.2
29,Alex Steen-steenal01,STL,C,0:44,76,14:32,2,2.9,3.2,2:55,-0.8,7,1.6,1:13,-3.4,0.6,6.4
30,Alex Tuch-tuchal01,VEG,RW,0:47,78,12:52,0.8,2.5,2.3,2:19,7.6,7.2,0,0:02,-2.3,0,3.8
31,Alexander Burmistrov-burmial01,VAN,C,0:49,24,10:38,-2,1.4,2.6,0:37,9,11.9,0,0:42,-13.8,0,14.4
32,Alexander Edler-edleral01,VAN,D,0:48,70,18:47,-1,2.3,3,2:48,2,9.1,0.9,2:40,-5.1,0,10
33,Alexander Kerfoot-kerfoal01,COL,C,0:57,79,10:57,1.3,2.6,2.5,2:28,-0.2,6.9,2.1,0:00,-8.6,0,171.4
34,Alexander Nylander-nylanal01,BUF,LW,0:41,3,12:12,-0.3,1.6,6.6,0:39,8.7,0,0,0:00,,,
35,Alexander Petrovic-petroal01,FLA,D,0:41,67,14:13,1.9,2.1,2.3,0:01,12.1,0,0,0:24,12.2,2.2,6.5
36,Alexander Radulov-radulal01,DAL,RW,0:50,82,16:46,2.9,3.3,2.7,3:19,-0.9,7.7,1.8,0:01,21.5,0,0
37,Alexander Wennberg-wennbal01,CBJ,C,0:43,66,14:32,2.6,3.9,2.5,2:34,6.7,6.7,1.1,1:01,5.2,1.7,5.8
38,Alexandre Burrows-burroal01,OTT,LW,0:47,71,9:30,-1.1,1.6,2.2,1:23,-1.1,5.5,1.2,0:47,1.1,0,9.1
39,Alexei Emelin-emelial01,NSH,D,0:45,76,15:12,-6.9,2,1.7,0:02,11.3,0,0,1:37,3.5,1,8.7
40,Anders Bjork-bjorkan01,BOS,LW,0:51,30,11:21,0.5,2.8,2.3,0:59,-1.3,9,1.8,0:00,,,
41,Anders Lee-leean01,NYI,C,0:47,82,14:11,0.6,3.2,4.1,3:03,6.1,10.1,1.7,0:00,22.8,0,5.8
42,Andre Burakovsky-burakan01,WSH,LW,0:53,56,12:37,5.4,2.6,2.2,1:12,-10.4,4.5,1.8,0:00,,,
43,Andreas Athanasiou-athanan01,DET,C,0:48,71,13:12,0.7,2.4,3.3,1:44,-4.9,5.4,0.5,0:22,-1.4,0,13.4
44,Andreas Borgman-borgman01,TOR,D,0:34,48,13:27,0.1,3.1,2.7,0:01,15.7,0,0,0:11,7.1,0,12.8
45,Andreas Englund-engluan01,OTT,D,0:42,1,10:54,-10,5.5,0,0:00,,,,0:27,-22.2,0,0
46,Andreas Johnsson-johnsan01,TOR,LW,0:40,9,9:41,5.9,2.1,3.4,1:17,2.2,20.7,0,0:42,9,0,0
47,Andreas Martinsen-martian01,CHI,LW,0:42,9,12:12,4.2,1.6,1.6,0:00,,,,0:25,11.2,0,15.5
48,Andrei Mironov-mironan01,COL,D,0:37,10,9:37,-5,2.6,1.3,0:00,,,,1:25,-12,0,8.5
49,Andrej Sekera-sekeran01,EDM,D,0:51,36,14:04,1.2,1.3,3.4,0:58,1.1,5.1,0,1:16,11.6,2.6,5.2
50,Andrej Sustr-sustran01,TBL,D,0:53,44,12:19,1.4,2.3,2.9,0:03,-90.9,0,0,0:27,-1.8,0,8.9
51,Andrew Cogliano-coglian01,ANA,LW/C,0:47,80,13:22,0.6,2.4,1.8,0:06,-40.1,0,0,1:42,10.5,2.6,5.2
52,Andrew Copp-coppan01,WPG,C,0:42,82,11:42,1.9,2.6,1.9,0:05,-7,0,0,1:56,3.6,1.5,5.3
53,Andrew Crescenzi-crescan01,LAK,C,0:35,2,6:36,-34.4,0,0,0:00,,,,1:15,-23.1,0,24
54,Andrew Ladd-laddan01,NYI,LW,0:46,73,12:54,5,2.9,2,1:44,-8,4.3,1.9,1:14,1.4,1.3,13.3
55,Andrew MacDonald-macdoan01,PHI,D,0:47,66,17:55,-4.5,2.6,2.3,0:08,-29.2,6.2,0,1:47,-1.4,0.9,7.4
56,Andrew Mangiapane-mangian01,CGY,LW,0:48,10,8:46,-2.5,0,2,0:01,,0,0,0:08,,,
57,Andrew Shaw-shawan01,MTL,C,0:51,51,13:21,0.8,2.2,2.8,2:19,-2.1,7.1,0.5,0:07,0.8,0,20.4
58,Andy Andreoff-andrean01,LAK,LW,0:45,45,9:19,-4.4,1.6,2.4,0:02,12.1,0,0,0:01,,0,0
59,Andy Greene-greenan01,NJD,D,0:46,81,17:49,-6.2,2.3,2.9,0:04,-25.6,6,0,3:13,-3.9,1.3,6.2
60,Andy Welinski-welinan01,ANA,D,0:59,7,14:39,-14.3,1.2,1.8,1:02,-16.9,0,0,0:28,27.7,0,0
61,Anthony Beauvillier-beauvan01,NYI,LW,0:43,71,12:49,2.3,3.4,3.2,0:56,-2.1,10,0.9,0:45,-1.3,0,9.6
62,Anthony Bitetto-bitetan01,NSH,D,0:39,32,13:12,-6.3,2,2,0:04,9,27.3,0,0:10,-2.9,0,0
63,Anthony Cirelli-cirelan01,TBL,C,0:38,18,11:47,1.8,4,1.1,0:00,8.9,0,0,1:26,-0.9,2.3,4.6
64,Anthony DeAngelo-deangan01,NYR,D,0:37,32,14:30,6,1.9,4.3,1:55,-3.1,6.8,1,0:08,9.8,0,0
65,Anthony Duclair-duclaan01,TOT,LW,0:47,56,11:33,3.1,2.1,2.9,1:42,-3.2,7.6,0,0:01,-12.6,0,0
66,Anthony Mantha-manthan01,DET,RW,0:55,80,15:03,4.1,2.5,2.4,2:12,-0.4,6.8,1.4,0:01,-14.4,0,38.7
67,Anthony Peluso-pelusan01,WSH,RW,0:38,2,4:38,0.7,0,0,0:00,,,,0:00,,,
68,Antoine Roussel-roussan01,DAL,LW,0:35,73,11:22,1.5,2,2,0:04,-0.2,0,0,0:58,3.7,0,4.1
69,Antoine Vermette-vermean01,ANA,C,0:53,64,11:46,-2.9,2.1,2.6,1:12,-2.8,4.3,0.7,0:46,-6.4,1.2,6.1
70,Anton Blidh-blidhan01,BOS,LW,0:51,1,10:23,-10.3,0,0,0:00,,,,0:00,,,
71,Anton Lindholm-lindhan01,COL,D,0:33,48,11:33,-2.8,2.4,2.1,0:01,,0,0,1:35,4,0.8,6.3
72,Anton Slepyshev-slepyan01,EDM,LW,0:49,50,11:37,1.9,2.3,2.6,0:07,-6.4,0,0,0:03,-15.4,0,0
73,Anton Stralman-stralan01,TBL,D,0:51,80,18:20,-0.1,3.5,2.6,0:25,-14.6,0,0,2:44,-4.7,1.4,7.2
74,Anze Kopitar-kopitan01,LAK,C,0:50,82,17:01,4.6,3.4,2.6,2:53,4.1,8.7,0.5,2:10,-0.3,0.7,4
75,Artem Anisimov-anisiar01,CHI,C,0:39,72,12:36,-3.3,2.2,3.2,2:43,0.2,5.8,0.9,1:27,1.8,0.6,8
76,Artemi Panarin-panarar01,CBJ,LW,0:49,81,17:09,8.6,3.2,2,2:56,7.1,7.3,1,0:01,35.5,0,12
77,Artturi Lehkonen-lehkoar01,MTL,LW,0:47,66,13:01,1.9,1.8,2.5,1:56,1.3,5.4,0.9,1:31,-5.6,0.6,9.6
78,Ashton Sautner-sautnas01,VAN,D,1:01,5,13:21,3.1,4.5,0.9,0:00,,,,0:00,,,
79,Austin Czarnik-czarnau01,BOS,C,0:45,10,9:53,2.8,1.8,2.4,0:30,-19.1,12,0,0:31,-0.2,0,0
80,Austin Watson-watsoau01,NSH,LW,0:43,76,10:04,-6.1,2,2.3,0:01,-39.2,0,0,2:13,0.5,2.1,7.8
81,Auston Matthews-matthau01,TOR,C,0:44,62,15:57,1.3,4.1,2.6,2:08,0.1,6.9,0.4,0:01,49.5,0,0
82,Barclay Goodrow-goodrba01,SJS,RW,0:38,47,9:50,1.3,3.1,3.2,0:10,13.6,14.9,0,0:51,2.1,1.5,3
83,Beau Bennett-bennebe01,STL,RW,0:33,6,10:00,1,0,2,0:48,8.8,0,0,0:00,,,
84,Ben Chiarot-chiarbe01,WPG,D,0:43,57,13:54,-3.3,2.9,1.9,0:03,-54.4,0,0,1:19,-3.9,1.6,7.2
85,Ben Harpur-harpube01,OTT,D,0:40,41,13:08,-3.8,1.2,3.6,0:00,13.1,0,0,1:43,12.6,0,8.5
86,Ben Hutton-huttobe01,VAN,D,0:43,61,15:51,2.2,1.7,2.4,0:57,3.2,6,1,1:35,5.3,1.9,6.8
87,Ben Lovejoy-lovejbe01,NJD,D,0:39,57,13:32,4,2.3,2,0:02,-17.7,0,0,2:59,-3.1,1,5.8
88,Ben Sexton-sextobe01,OTT,C,0:41,2,10:16,15.4,0,2.9,0:00,,,,0:00,,,
89,Benoit Pouliot-poulibe01,BUF,LW,0:44,74,11:22,-1.4,1.8,2.6,0:38,-13.5,2.5,0,1:40,-0.5,1.9,7.8
90,Blake Coleman-colembl01,NJD,C,0:42,79,12:09,0.1,2.4,2.3,0:05,-23.6,0,0,2:08,3.3,2.1,6.5
91,Blake Comeau-comeabl01,COL,RW,0:40,79,13:16,-1.4,2.5,2.4,0:04,-20,0,6.1,2:31,1.6,0.9,5.1
92,Blake Hillman-hillmbl01,CHI,D,0:46,4,16:24,-6.5,0,1.8,0:01,,0,0,1:36,1.7,9.4,0
93,Blake Pietila-pietibl01,NJD,LW,0:56,2,9:27,0.1,0,0,0:00,,,,0:00,,,
94,Blake Wheeler-wheelbl01,WPG,RW,0:52,81,15:50,-1.7,3.2,2.4,3:08,-1.3,10.8,1.4,1:16,1.7,1.2,5.8
95,Bo Horvat-horvabo01,VAN,C,0:45,64,15:04,1.8,3.2,3,2:41,8.5,8,1.4,1:34,-1.8,0.6,6.5
96,Bobby Ryan-ryanbo01,OTT,LW,0:46,62,13:43,3.2,2.8,3.6,2:42,1.7,3.5,1.1,0:00,-17.3,0,0
97,Boo Nieves-nievecr01,NYR,C,0:40,28,9:42,-2.2,3.1,1.8,0:02,11.4,63.2,0,0:27,-1.5,0,4.6
98,Boone Jenner-jennebo01,CBJ,C,0:41,75,14:13,-6.2,2.5,2.3,1:19,-0.6,3.6,1.8,0:54,-2.5,0,10.7
99,Brad Hunt-huntbr01,VEG,D,0:39,45,14:10,0,2.2,2.5,2:23,0,9.6,1.1,0:04,-16.8,0,0
100,Brad Malone-malonbr01,EDM,C/LW,0:30,7,7:24,6.2,0,0,0:01,8.5,0,0,0:33,-10,0,0
101,Brad Marchand-marchbr03,BOS,LW,0:51,68,14:49,4.4,4.2,2.7,3:05,3.4,10.3,1.7,1:48,7.3,2.4,5.9
102,Brad Richardson-richabr02,ARI,C,0:37,76,12:36,-1.5,1.7,3.1,0:05,-30.5,0,0,2:04,-4.4,0,6
103,Brady Skjei-skjeibr01,NYR,D,0:38,82,18:17,1.7,2,3.1,1:12,-0.9,6.1,0.6,1:31,-0.1,0.5,6.2
104,Brandon Carlo-carlobr01,BOS,D,0:46,76,16:23,-2.1,2.6,2.3,0:02,-25.2,5.8,0,2:47,-1.9,1.4,7.1
105,Brandon Davidson-davidbr01,TOT,D,0:49,51,15:00,0,1.5,3.5,0:03,6.6,0,0,1:45,3.5,0,7
106,Brandon Dubinsky-dubinbr01,CBJ,C,0:35,62,13:25,-6.9,2,2.4,0:18,-2,3.1,0,1:35,-1.8,1.2,7.9
107,Brandon Manning-mannibr01,PHI,D,0:52,65,16:24,0.9,2.3,2.3,0:16,-6.5,3.3,3.3,1:15,2.9,1.4,8.4
108,Brandon Montour-montobr01,ANA,D,0:58,80,17:00,2,2.8,2.3,2:14,-1.1,5.8,0.3,1:12,4.2,2.5,7.5
109,Brandon Pirri-pirribr01,VEG,C,0:55,2,15:16,8.5,5.9,0,2:20,13.1,0,0,0:00,,,
110,Brandon Saad-saadbr01,CHI,LW,0:43,82,13:39,5.7,2.7,3.1,2:07,-2.2,6.2,0.7,1:42,3.7,0,6.4
111,Brandon Sutter-suttebr03,VAN,C/RW,0:41,61,14:00,-6.8,2.2,1.9,0:12,-11.1,0,0,3:05,-0.7,1.3,8.3
112,Brandon Tanev-tanevbr01,WPG,LW,0:50,61,10:37,-0.3,2.3,1.5,0:04,-19.9,0,0,1:57,-6.5,2,6.5
113,Brayden McNabb-mcnabbr01,VEG,D,0:46,76,17:21,-0.3,3.4,2.4,0:04,-6.4,0,0,2:43,-1.4,1.1,6.5
114,Brayden Point-pointbr01,TBL,C,0:54,82,15:18,0.5,3.3,2.6,2:18,-1.6,8,0.6,2:00,2.2,1.8,9.9
115,Brayden Schenn-schenbr01,STL,C,0:54,82,15:58,4.4,3.4,2.7,3:11,1.4,6.7,1.4,0:32,6.4,0,2.7
116,Braydon Coburn-coburbr01,TBL,D,0:48,72,13:53,-3,2.5,2.4,0:01,,0,0,2:05,1,0.8,7.6
117,Brendan Gallagher-gallabr01,MTL,RW,0:39,82,13:27,5.3,2.7,3.2,2:26,-1.4,9.3,1.5,0:14,10.1,2.4,14.4
118,Brendan Gaunce-gauncbr01,VAN,C,0:40,37,11:25,-1.2,1.7,1.7,0:02,15.3,35,0,1:50,9.8,0,8.9
119,Brendan Guhle-guhlebr01,BUF,D,0:44,18,16:45,4.3,2.8,4,0:55,-18.2,0,0,0:25,10.4,0,15.9
120,Brendan Leipsic-leipsbr01,TOT,LW,0:46,58,12:17,-3.6,2.4,2.4,0:51,-3.7,2.6,1.3,0:00,,,
121,Brendan Lemieux-lemiebr01,WPG,LW,0:41,9,7:25,2.8,2.7,0.9,0:31,-17.1,0,0,0:00,,,
122,Brendan Perlini-perlibr01,ARI,LW,0:42,74,12:43,-1,2.5,2.4,1:46,-4.5,7.6,1.8,0:01,-11.2,0,0
123,Brendan Smith-smithbr05,NYR,D,0:50,44,15:41,0.9,2.9,2.8,0:03,13.2,25.5,0,1:25,3.3,0,12.4
124,Brenden Dillon-dillobr01,SJS,D,0:53,81,15:50,0.5,2.7,3.1,0:02,-6.3,0,0,1:26,6.9,1,4.1
125,Brent Burns-burnsbr01,SJS,D/RW,0:46,82,20:03,5.8,2.3,3,3:40,4.5,8.3,0.4,1:30,4.6,1.9,4.4
126,Brent Seabrook-seabrbr01,CHI,D,0:44,81,15:57,-1.1,2.6,2.8,2:06,-1.3,5.3,0.7,2:07,-3.4,0.7,9
127,Brett Connolly-connobr01,WSH,RW,0:44,70,10:32,-1.6,2.8,3.1,1:26,-8.8,6.5,1.2,0:00,57.1,0,0
128,Brett Kulak-kulakbr01,CGY,D,0:39,71,12:39,-2,2.4,2.6,0:02,12.2,0,0,0:16,-4.3,0,6.7
129,Brett Lernout-lernobr01,MTL,D,0:39,18,15:29,-2.6,1.1,2.4,0:00,,0,0,1:13,10.6,2.7,8.1
130,Brett Pesce-pescebr01,CAR,D,0:50,65,18:16,-0.5,2.4,2.7,0:17,-12,3.2,0,2:21,-0.4,0.4,9
131,Brett Ritchie-ritchbr01,DAL,RW,0:39,71,9:23,5.7,2,1.7,1:26,1.7,5.3,1.2,0:00,-12.3,,
132,Brian Boyle-boylebr01,NJD,C,0:40,69,10:58,1.3,2.2,2.8,2:03,0.3,7.2,0.4,0:15,-10.5,0,13.8
133,Brian Dumoulin-dumoubr01,PIT,D,0:40,80,17:51,1.1,2.7,3,0:13,-16.5,0,0,2:31,-0.5,0.3,7.4
134,Brian Gibbons-gibbobr02,NJD,C,0:38,59,11:33,-4.3,2.7,2.3,0:03,-52.7,0,0,2:47,-5.7,1.4,5
135,Brian Gionta-giontbr01,BOS,RW,0:45,20,10:50,0.3,1.1,0.8,1:53,-0.4,11.1,3.2,0:20,-0.9,0,0
136,Brian Lashoff-lashobr01,DET,D,0:48,1,2:59,-7.6,0,0,0:00,,,,1:03,0,0,0
137,Brock Boeser-boesebr01,VAN,RW,0:44,62,14:31,0.5,3.1,3.2,2:55,5.5,9.9,1,0:02,18.3,0,0
138,Brock McGinn-mcginbr01,CAR,LW,0:43,80,12:57,-0.1,2.3,2.9,0:20,-4.5,7,2.3,1:12,5.9,0.6,8.1
139,Brock Nelson-nelsobr01,NYI,C,0:54,82,12:14,-2.7,2.4,2.5,1:49,-6.4,5.4,1.2,0:39,0.4,0,7
140,Brooks Laich-laichbr01,LAK,C,0:34,12,9:43,-10.4,1,3.6,0:02,,,,1:25,2.3,0,0
141,Brooks Orpik-orpikbr01,WSH,D,0:53,81,16:13,-6.5,2,2.5,0:01,-63.3,0,0,3:06,-8.2,0.2,6.6
142,Bryan Little-littlbr01,WPG,RW,0:49,82,13:43,-0.7,2.7,2.6,2:10,4.2,7.4,0.7,1:02,-0.2,0.7,6.4
143,Bryan Rust-rustbr01,PIT,RW,0:38,69,13:53,4.9,2.8,2.3,0:45,-0.6,5.5,0,1:23,3.7,1.9,6.8
144,Byron Froese-froesby01,MTL,C,0:54,48,10:21,-4.5,1.8,1.8,0:02,-35.1,0,0,1:11,-3.4,0,10.5
145,Cal Clutterbuck-cluttca01,NYI,RW,0:42,76,10:34,-7.8,2.3,2.9,0:05,-12.3,0,9.8,2:06,0.1,0.7,7.9
146,Cal O'Reilly-oreilca01,MIN,C,0:41,1,7:56,-24,0,0,0:00,,,,0:20,100,0,0
147,Calle Jarnkrok-jarnkca01,NSH,C,0:38,68,12:55,-4.4,2.8,1.6,0:40,3.8,5.3,0,2:16,-0.2,0.8,5.8
148,Calle Rosen-rosenca01,TOR,D,0:35,4,12:21,-0.2,1.2,4.9,0:25,-19,0,0,0:00,,,
149,Calvin de Haan-dehaaca01,NYI,D,0:46,33,16:17,-1.3,3.7,2.6,0:05,-35.8,0,0,2:21,2.5,1.5,11.6
150,Cam Atkinson-atkinca01,CBJ,RW,0:48,65,14:43,0.5,3.6,2.3,2:45,7.8,7.1,1,1:25,-2.4,0.6,9.5
151,Cam Fowler-fowleca01,ANA,D,0:58,67,19:51,0.3,2.4,2.4,2:36,4.5,5.6,1,2:23,2.4,1.9,6.4
152,Carl Dahlstrom-dahlsca01,CHI,D,0:54,11,16:03,-5.9,3.1,3.7,0:01,,0,0,1:26,-2,0,3.8
153,Carl Gunnarsson-gunnaca01,STL,D,0:35,63,14:50,-6.3,2.4,1.5,0:02,-53.8,0,0,1:16,-0.9,0,7.5
154,Carl Hagelin-hagelca01,PIT,LW,0:40,81,13:20,2.2,2.7,2.3,0:03,-21.8,0,0,2:32,1.9,0.3,6.4
155,Carl Soderberg-soderca01,COL,C,0:46,77,13:01,-2.1,2.4,2.4,1:54,-1.8,4.8,1.6,2:25,0.5,1.3,5.5
156,Carson Soucy-soucyca01,MIN,D,0:44,3,14:11,-6.7,0,2.8,0:01,,,,0:37,21.8,0,0
157,Carter Rowney-rowneca01,PIT,RW,0:33,44,7:04,-6.4,1.2,3.9,0:02,15.1,0,0,2:13,-8.9,0.6,6.7
158,Casey Cizikas-cizikca01,NYI,C,0:37,64,10:50,-5.9,2.4,3.5,0:04,-27.7,0,15.7,2:18,0.1,0.8,7
159,Casey Mittelstadt-mitteca01,BUF,C,0:41,6,11:52,-4.2,4.2,3.4,2:09,-12.9,14,0,0:00,,,
160,Casey Nelson-nelsoca01,BUF,D,0:52,37,17:24,-0.1,1.7,3.3,0:21,-8.8,3.6,0,1:00,12.9,4.8,9.6
161,Cedric Paquette-paquece01,TBL,C,0:47,56,9:35,-3.6,1.8,2.3,0:04,-7.4,24.3,0,0:32,-1.6,0,15.9
162,Chad Ruhwedel-ruhwech01,PIT,D,0:49,44,15:01,-1.5,1.7,2.4,0:08,2.8,0,0,0:33,1,0,14.7
163,Chandler Stephenson-stephch02,WSH,C,0:28,67,10:24,-5,2.7,1.6,0:09,-18.9,0,0,1:18,-2.7,0,4.8
164,Charles Hudon-hudonch01,MTL,LW,0:45,72,12:30,1.8,2.2,3,1:30,-2.4,6.3,1.1,0:00,89.2,10,0
165,Charlie Coyle-coylech01,MIN,C/RW,0:53,66,14:08,-3,3,2.4,1:22,-1.3,5.3,1.3,1:01,6.9,0.9,4.5
166,Charlie McAvoy-mcavoch01,BOS,D,0:50,63,19:21,2,3.2,2.2,1:59,-7,5.9,0.9,0:48,8,2.4,7.3
167,Chase Balisy-balisch01,FLA,C,0:38,8,8:17,2.9,0,1.8,0:00,,,,1:31,-5.8,0,4.9
168,Chris Bigras-bigrach01,COL,D,0:48,15,11:51,-8.5,1,2,0:21,-13.6,10.9,0,1:38,5,0,4.8
169,Chris Butler-butlech01,STL,D,0:39,6,12:39,-1.3,3.2,2.4,0:19,3.3,0,0,0:19,-11.6,0,0
170,Chris Kelly-kellych01,ANA,C/LW,0:27,12,7:01,-9.4,3.6,2.8,0:00,,,,0:38,-4.7,0,0
171,Chris Kreider-kreidch01,NYR,C,0:40,58,13:00,6.9,2.7,2.7,2:34,0.8,10,0.8,0:01,87.5,0,0
172,Chris Kunitz-kunitch01,TBL,LW,0:47,82,11:03,-1.7,2.4,2,0:14,10.3,3,0,0:39,3.2,2.3,6.8
173,Chris Stewart-stewach02,TOT,RW,0:50,54,10:18,-7.3,2.6,2.9,0:25,10.9,5.7,0,0:00,-10.6,0,0
174,Chris Tanev-tanevch01,VAN,D,0:42,42,16:30,-1.8,2.9,2.5,0:11,-17.3,7.5,7.5,3:04,-11.8,1.9,8.4
175,Chris Thorburn-thorbch01,STL,RW,0:37,50,7:00,-6.5,1.9,2.6,0:01,,0,0,0:00,-16.7,0,0
176,Chris Tierney-tiernch01,SJS,C,0:39,82,13:26,-2.4,2.5,2.8,0:59,-2,6.9,0,1:33,2.3,1.4,5.6
177,Chris Wagner-wagnech01,TOT,C,0:39,79,10:39,-3.2,1.2,2,0:22,-6.8,7.5,0,2:14,-3.3,0.8,6.2
178,Chris Wideman-widemch01,OTT,D,0:39,16,9:22,7,4,1.2,2:07,-7,5.3,3.5,0:03,,0,0
179,Christian Djoos-djoosch01,WSH,D,0:44,63,13:43,5.3,3.2,2.3,0:14,-1,0,0,0:03,-10.7,0,0
180,Christian Dvorak-dvorach01,ARI,C,0:33,78,13:19,0.9,2.6,3.4,1:48,-4.6,5.9,1.7,1:17,0.8,0,9.3
181,Christian Fischer-fischch01,ARI,RW,0:39,79,11:43,1,2.2,2.9,2:09,1.9,6.5,1.7,0:01,-11.6,0,0
182,Christian Folin-folinch01,LAK,D,0:47,65,14:31,-0.8,2.2,2.3,0:03,-61,0,0,1:04,1.9,1.6,4.1
183,Christian Jaros-jarosch01,OTT,D,0:38,2,7:58,1.2,0,0,0:00,,,,0:00,,,
184,Christian Wolanin-wolanch01,OTT,D,0:48,10,13:10,5.4,2.3,4.1,1:24,2,4.3,0,0:04,,0,0
185,Christoph Bertschy-bertsch02,MIN,C,0:35,1,5:20,-16.9,11.3,0,0:03,,0,0,0:00,,,
186,Christopher Didomenico-didomch01,OTT,C,0:39,24,10:16,0.9,2.7,3.2,1:31,-2.8,8.2,3.3,0:00,,,
187,Claude Giroux-giroucl01,PHI,C/RW,0:47,82,16:05,5.6,4.1,2.6,3:28,6.6,10.9,1.1,0:47,8.3,0,6.3
188,Clayton Keller-kellecl01,ARI,C,0:54,82,14:56,1.7,2.8,3,3:00,7.6,6.7,1.2,0:08,26.7,3.8,3.8
189,Cody Ceci-cecico01,OTT,D,0:48,82,19:56,-6.1,2.3,3.3,0:38,-2.1,9.2,1.1,2:46,-9.8,0.5,7.7
190,Cody Eakin-eakinco01,VEG,C,0:45,80,12:27,-4.7,2.2,2.9,0:28,0.5,0,0,1:36,3,2.1,7.7
191,Cody Franson-fransco01,CHI,D,0:42,23,14:23,9.2,1.8,1.8,2:10,0.5,8.4,1.2,0:03,21.8,0,0
192,Cody McLeod-mcleoco01,TOT,LW,0:41,48,7:22,-10.1,1.9,1.9,0:00,,0,0,0:00,,0,0
193,Colby Cave-caveco01,BOS,C,0:42,3,10:18,-0.2,0,0,0:00,,,,1:09,20.2,0,0
194,Colin Miller-milleco02,VEG,D,0:42,82,15:54,7.3,2.7,2.6,2:26,-0.8,6.9,0.9,0:58,9.8,0.6,6.5
195,Colin White-whiteco02,OTT,C,0:46,21,12:38,-2.1,2.7,2.3,0:39,2.7,4.3,4.3,0:02,8.2,0,0
196,Colin Wilson-wilsoco01,COL,C,0:45,56,11:05,0.2,1.8,2.1,2:00,2.3,4.6,1,0:01,-9.1,0,0
197,Colton Parayko-parayco01,STL,D,0:59,82,18:46,2,2.4,2.6,1:56,-0.5,4.9,0.8,1:54,0.5,0.4,6.6
198,Colton Sceviour-scevico01,FLA,C/RW,0:38,76,11:02,-3.8,2.3,2.2,0:03,-1,0,0,2:20,-2.1,1.4,7.8
199,Colton Sissons-sissoco01,NSH,C,0:39,81,11:50,-1.4,2.2,2.4,1:56,2.5,8.8,0.4,2:18,-4.6,1.6,9.3
200,Connor Brickley-brickco01,FLA,C,0:40,44,10:55,-3.6,1.9,2.7,0:05,-8.7,0,0,0:52,-0.6,0,7.8
201,Connor Brown-brownco02,TOR,RW,0:36,82,12:00,-1.3,2.9,2.9,1:10,-1.1,4.3,0.6,1:49,-2,0.4,7.8
202,Connor Carrick-carrico01,TOR,D,0:51,47,14:47,3.2,2.7,2.3,0:18,7.3,6.5,0,0:01,-11.8,0,0
203,Connor McDavid-mcdavco01,EDM,C,0:51,82,17:29,3.8,4,3.2,2:57,1.3,5.3,1,1:05,5.8,3,6.1
204,Connor Murphy-murphco02,CHI,D,0:48,76,15:09,1.2,2.3,2.4,0:05,-20.8,0,0,1:07,-0.9,0.7,7
205,Conor Sheary-shearco01,PIT,LW,0:45,79,12:44,-0.3,2.8,2.7,1:11,-1.8,4.9,0,0:00,-11.9,0,52.2
206,Corey Perry-perryco01,ANA,RW,0:45,71,15:05,-0.2,3.1,3.3,2:39,4.1,7.3,0.6,0:01,-15.4,0,0
207,Cory Conacher-conacco01,TBL,LW,0:41,36,9:34,-2.2,2.1,2.1,0:24,-7.8,3.8,0,0:00,,0,0
208,Craig Smith-smithcr01,NSH,C,0:43,79,13:01,8.3,3.1,1.9,2:20,-1.5,8.8,0.7,0:00,20.9,0,0
209,Curtis Lazar-lazarcu01,CGY,C/RW,0:41,65,9:20,-3.1,1.8,2.6,0:04,-30.5,0,0,0:26,3.6,0,2.2
210,Curtis McKenzie-mckencu01,DAL,LW,0:41,7,7:28,0.7,3.4,0,0:37,21.4,0,0,0:00,,,
211,Curtis Valk-valkcu01,FLA,LW,0:34,1,3:25,3.2,0,0,0:00,,,,0:00,,,
212,Dakota Mermis-mermida01,ARI,D,0:39,9,10:52,0.3,1.2,2.5,0:06,-9.1,0,0,0:00,-10.8,0,0
213,Dale Weise-weiseda01,PHI,RW,0:33,46,10:10,-4.4,1.2,2.1,0:22,0.9,3.4,0,0:01,-13.5,0,57.1
214,Dalton Prout-proutda01,NJD,D,0:47,4,13:22,4.7,3.4,5.6,0:01,,,,0:36,17.2,0,0
215,Damon Severson-severda01,NJD,D,0:45,76,17:40,2.1,2.7,3.1,1:37,1.1,4.3,0,0:22,3,0,7.5
216,Dan Girardi-girarda01,TBL,D,0:44,77,14:49,-4,3.1,2.3,0:04,-40.3,7.8,0,2:29,2.9,0.9,10.7
217,Dan Hamhuis-hamhuda01,DAL,D,0:47,80,17:10,-1.2,2.5,2.7,0:20,3.2,4.4,4.4,2:40,-0.8,0.8,8.2
218,Danick Martel-marteda01,PHI,LW,0:43,4,10:13,-6.1,1.5,2.9,0:00,,,,0:00,,,
219,Daniel Brickley-brickda01,LAK,D,0:46,1,10:48,6,5.6,0,0:00,,,,0:00,,,
220,Daniel Carr-carrda01,MTL,LW,0:48,38,11:00,-0.9,2.5,2.2,1:07,-4.1,6.5,0,0:00,,0,0
221,Daniel Catenacci-catenda01,NYR,C,0:41,1,11:03,-16.5,0,5.4,0:00,,,,0:00,,,
222,Daniel O'Regan-oregada01,TOT,C,0:51,21,9:07,-10.2,7.2,3.6,0:38,-27.8,0,0,0:11,,,
223,Daniel Sedin-sedinda01,VAN,LW,0:44,81,12:22,7.3,2.3,3.2,2:53,-2,8.4,1.5,0:00,-15.8,0,63.2
224,Daniel Sprong-spronda01,PIT,RW,0:46,8,12:46,10.9,2.9,1.8,1:11,-5.1,0,0,0:01,-7.5,0,0
225,Daniel Winnik-winnida01,MIN,C/LW,0:45,81,11:41,-3.1,2.5,2.3,0:03,-16,13.1,0,1:48,-7.3,0.4,6.6
226,Danny DeKeyser-dekeyda01,DET,D,0:47,65,17:57,0.8,2.4,2.4,0:09,-4.7,0,0,2:12,-1.7,1.3,9.2
227,Danton Heinen-heineda01,BOS,C/LW,0:49,77,12:43,1.9,3,2,2:00,-4.6,7.1,2.6,0:17,3,2.8,2.8
228,Darnell Nurse-nurseda01,EDM,D,0:55,82,19:32,0,2.9,2.4,0:28,-2.5,1.3,0,2:13,-2.2,0.6,7.3
229,Darren Archibald-archida02,VAN,RW,0:35,27,12:01,-7.5,1.7,2.2,0:02,,0,0,2:47,-3.8,0.8,8
230,Darren Helm-helmda01,DET,C/LW,0:38,75,13:25,-3,2.1,2.3,0:07,-10.6,6.3,0,2:00,-1.5,2.4,8.7
231,David Backes-backeda01,BOS,C,0:41,57,13:13,2.6,2.7,2.5,1:57,-4.4,6.6,1,0:12,38.4,4.9,0
232,David Booth-boothda01,DET,LW,0:49,28,6:48,-9.3,1.3,2.8,0:07,9,18.2,0,0:02,-12.9,0,0
233,David Desharnais-deshada01,NYR,C,0:38,71,11:37,-2.9,2.1,3.6,1:25,-2.2,5.9,0.6,0:00,,,
234,David Kampf-kampfda01,CHI,C,0:39,46,11:14,-0.5,1.7,2.9,0:04,-3.2,0,0,1:28,3.2,0.9,8.8
235,David Krejci-krejcda01,BOS,C,0:47,64,14:23,1.4,3.6,2.9,2:13,-1.8,8.4,0.8,0:15,3.2,3.8,7.7
236,David Pastrnak-pastrda01,BOS,RW,0:45,82,14:51,3.1,3.5,2.7,3:05,3.5,10.2,1.6,0:00,,0,0
237,David Perron-perroda01,VEG,LW,0:50,70,15:04,-1.7,3.5,3.3,2:31,-4.4,9.1,1.3,0:12,8.9,0,2.3
238,David Savard-savarda01,CBJ,D,0:49,81,16:59,-3.4,2.9,2.8,0:10,-20.5,8,4,2:12,-2.8,0.6,9.4
239,David Schlemko-schleda01,MTL,D,0:47,37,15:53,-2.2,2.5,2.2,1:02,-6.6,6.7,0,1:08,0.7,0,11.4
240,David Warsofsky-warsoda01,COL,D,0:43,16,12:31,2.8,2.7,1.5,0:03,,0,0,0:48,-1.2,0,9.2
241,Dean Kukan-kukande01,CBJ,D,0:49,11,12:02,1.4,4.1,3.2,0:05,6.4,0,0,0:13,11.7,0,0
242,Denis Malgin-malgide01,FLA,C,0:43,51,12:36,2.2,2.7,2.3,1:13,-2.6,9.6,0.9,0:00,85.2,0,0
243,Dennis Rasmussen-rasmude01,ANA,C,0:46,27,7:45,-2.4,2.3,1.4,0:03,-89.7,0,0,1:06,10,2,2
244,Dennis Seidenberg-seidede01,NYI,D,1:03,28,15:25,-7.5,2.6,3.9,0:02,-88.4,0,0,2:24,-4.1,0,9.8
245,Derek Dorsett-dorsede01,VAN,RW,0:35,20,12:30,-8,1.9,2.6,0:04,,0,0,2:42,5.5,2.2,8.9
246,Derek Forbort-forbode01,LAK,D,0:47,78,17:58,-0.3,2.7,2.1,0:07,-17.5,0,0,2:42,-4.7,0.6,5.9
247,Derek Grant-grantde01,ANA,C,0:52,66,9:39,-1,2.6,2.3,0:37,-2.3,4.2,0,0:48,-7.6,0,6.7
248,Derek MacKenzie-mackede01,FLA,C,0:36,75,8:58,-3.5,1.4,2.7,0:02,-21.9,0,0,2:18,-5.1,1.8,10.2
249,Derek Ryan-ryande01,CAR,C,0:46,80,13:12,3.2,2.6,3.2,2:01,-1.5,5.9,1.1,0:22,3.2,0,6.1
250,Derek Stepan-stepade01,ARI,C,0:44,82,15:29,2.1,2.8,3,2:36,2.4,6.9,1.7,1:11,2.4,1.2,7.1
251,Derick Brassard-brassde01,TOT,C,0:54,72,15:06,5.6,3.6,3.6,2:31,-0.7,6.2,0.4,0:06,10.7,0,0
252,Derrick Pouliot-poulide01,VAN,D,0:46,71,16:03,3.7,2.1,3.1,1:34,1.6,7.4,1.6,0:13,8,4.1,4.1
253,Deryk Engelland-engelde01,VEG,D,0:42,79,17:14,-4.8,2.8,2.9,0:04,-10.1,0,0,2:57,-4.2,1.5,5.6
254,Devante Smith-Pelly-smithde06,WSH,RW,1:00,75,11:20,-4.7,2,2.4,0:01,,0,0,0:58,-4.6,0,5.8
255,Devin Shore-shorede01,DAL,C,0:38,82,12:10,-3.5,1.4,3.1,1:49,-0.9,8.8,0.8,1:25,-1.4,1.6,7.8
256,Dillon Heatherington-heathdi01,DAL,D,0:33,6,10:16,-4.6,3.9,1,0:00,,,,0:34,12.5,0,0
257,Dion Phaneuf-phanedi01,TOT,D,0:50,79,16:31,-6.5,2.6,3.1,1:57,-2.1,3.7,0.6,1:30,-6.7,0,11.2
258,Dmitrij Jaskin-jaskidm01,STL,RW,0:43,76,11:55,1.2,2.3,1.9,0:28,-5.2,1.7,0,0:02,19.1,0,21.7
259,Dmitry Kulikov-kulikdm01,WPG,D,0:51,62,14:29,-1.5,2.6,2.3,0:03,-27,14.1,0,2:31,-1.5,0.8,6.1
260,Dmitry Orlov-orlovdm01,WSH,D,0:57,82,19:59,2.4,2.9,2.5,1:10,-4.3,5.6,1.3,1:58,5.9,0.4,6.3
261,Dominic Moore-mooredo01,TOR,C,0:36,50,9:01,-0.7,2.4,2.1,0:03,-87.7,0,0,1:13,-0.7,1,8.8
262,Dominic Toninato-tonindo01,COL,C,0:45,37,7:39,1,1.5,1.5,0:02,-87.1,0,0,0:12,-2.4,0,8
263,Dominic Turgeon-turgedo01,DET,C,0:39,5,7:17,-14,0,3.3,0:02,,0,0,1:54,-7.7,0,6.3
264,Dominik Simon-simondo01,PIT,C,0:39,33,10:53,2.3,3.4,3,0:31,-10.4,2.6,0,0:00,-12,0,0
265,Dougie Hamilton-hamildo01,CGY,D,0:57,82,18:21,6.7,3,2.8,2:39,-1.7,4.3,0.5,0:30,15,1.5,7.5
266,Drake Caggiula-caggidr01,EDM,LW,0:49,67,11:50,-3.6,2.1,3.2,0:58,3.6,7.3,0,0:44,0.1,1.1,12.2
267,Drew Doughty-doughdr01,LAK,D,0:57,82,20:55,5.4,3.3,2.5,3:09,5,8.4,0.2,2:45,-3,0.8,4.2
268,Drew Stafford-staffdr01,NJD,RW,0:54,59,11:55,-0.1,1.7,3.3,1:54,7.1,5.3,0.5,0:01,18.4,0,0
269,Dryden Hunt-huntdr01,FLA,LW,0:43,11,10:28,-3.3,0,2.6,0:04,,,,0:00,-16,0,600
270,Duncan Keith-keithdu01,CHI,D,0:45,82,18:48,-0.3,2.3,3.3,2:35,-0.3,3.9,1.1,2:25,-0.7,0.3,8.4
271,Duncan Siemens-siemedu01,COL,D,0:47,16,9:42,4.4,1.5,3.5,0:00,,,,2:36,0.2,0,1.4
272,Dustin Brown-browndu01,LAK,RW,0:48,81,15:16,4.6,3.7,2.3,2:43,4.4,8.8,0.5,1:50,1.2,0.8,2.8
273,Dustin Byfuglien-byfugdu01,WPG,D,1:04,69,20:00,1.4,3,2.3,3:03,-5.8,11.1,1.4,1:16,1.8,2,7.5
274,Dylan DeMelo-demeldy01,SJS,D,0:45,63,13:27,0.2,2.7,2.8,0:27,-1,7.4,0,0:17,12.6,0,13.4
275,Dylan Gambrell-gambrdy01,SJS,C,0:46,3,10:33,-3.7,1.9,3.8,0:00,,,,0:00,,,
276,Dylan Larkin-larkidy01,DET,C,0:50,82,15:41,2.9,3,3.5,2:09,-2.6,5.7,1.4,1:59,3.5,1.8,6.6
277,Dylan Sikura-sikurdy01,CHI,C,0:47,5,12:36,-5.4,3.8,1,0:48,-43.3,15,15,0:00,,,
278,Dylan Strome-stromdy01,ARI,C,0:41,21,11:21,3.6,2.5,1.5,1:30,-2.4,4,0,0:04,-8.5,0,0
279,Eeli Tolvanen-tolvaee01,NSH,RW,0:36,3,11:21,-18.7,0,0,0:45,-33.3,0,0,0:00,,,
280,Elias Lindholm-lindhel01,CAR,C,0:45,81,13:55,-1.7,2.6,3.1,2:37,3.7,6.8,0.3,1:20,-1.1,1.7,7.7
281,Eric Fehr-fehrer01,TOT,RW,0:39,18,10:12,1.3,4.6,1.9,0:01,,0,0,1:32,17.4,0,4.7
282,Eric Gryba-grybaer01,EDM,D,0:40,21,13:19,1.7,3.3,3,0:00,,,,1:26,3.4,4.1,6.1
283,Eric Robinson-robiner01,CBJ,LW,0:48,1,11:05,14.5,5.4,0,0:16,,,,0:00,,,
284,Eric Staal-staaler01,MIN,C,0:53,82,14:32,3.5,3.9,3.5,2:10,-4,7.4,1,1:04,-1.8,2,7.5
285,Erik Burgdoerfer-burgder01,OTT,D,0:39,2,13:25,2.9,4.5,0,0:00,,,,0:00,,,
286,Erik Gudbranson-gudbrer01,VAN,D,0:47,52,15:50,-6,1.5,2,0:02,15.6,0,0,2:32,0.7,0,10.9
287,Erik Gustafsson-gustaer02,CHI,D,0:41,35,17:06,6.6,3.4,3.2,1:25,2,7.3,1.2,0:01,-11.5,0,0
288,Erik Haula-haulaer01,VEG,LW,0:50,76,14:27,-1.1,3.1,3.7,2:22,-6.2,8.7,1.3,0:31,6,0,5.5
289,Erik Johnson-johnser01,COL,D,0:52,62,19:59,-0.1,2.9,2.9,1:46,0.7,5.8,2.1,3:40,-1.6,1.3,7.7
290,Erik Karlsson-karlser01,OTT,D,0:46,71,21:57,6.4,2.9,3.7,3:19,2.1,6.1,1,1:27,9.5,1.1,10.8
291,Esa Lindell-lindees01,DAL,D,0:43,80,18:34,1.4,2.9,2.1,1:34,-3.1,4.8,1,1:54,0.5,0.4,7.1
292,Ethan Bear-bearet01,EDM,D,0:50,18,16:36,-2.5,1.6,3.6,1:49,-15.5,9.1,1.8,0:11,-20.2,0,34.1
293,Evan Rodrigues-rodriev01,BUF,C,0:43,48,11:34,3.7,2.4,3.5,2:05,0.1,5.8,0,0:16,-0.5,0,13.8
294,Evander Kane-kaneev01,TOT,LW,0:52,78,16:17,4.3,3.6,2.6,2:34,6.5,4.6,1.1,0:42,7,5.9,0
295,Evgeni Dadonov-dadonev01,FLA,RW,0:45,74,15:22,6.3,3.7,3.1,3:19,-1.2,6.4,0.7,0:00,,,
296,Evgeni Malkin-malkiev01,PIT,C,0:47,78,15:14,1.4,4,3,3:40,-0.5,10,0.6,0:04,22.1,0,16.5
297,Evgeny Kuznetsov-kuzneev01,WSH,C,0:50,79,15:19,0.5,3.3,3,3:25,8.6,10.4,1.5,0:03,70.1,12.8,0
298,Evgeny Svechnikov-svechev01,DET,LW,0:44,14,8:49,-1.4,2.4,3.4,0:00,,,,0:00,,,
299,Filip Chlapik-chlapfi01,OTT,C,0:56,20,9:27,1.2,1.3,2.9,0:36,7.5,4.9,0,0:00,,0,0
300,Filip Chytil-chytifi01,NYR,C,0:49,9,13:12,-7.2,1.5,4,0:22,-2.8,0,0,0:02,,,
301,Filip Forsberg-forsbfi01,NSH,C,0:43,67,14:00,3.2,3.9,2.1,2:53,1,8.7,0.9,0:33,7,1.6,3.1
302,Francois Beauchemin-beaucfr01,ANA,D,0:50,67,15:06,-2.5,2.8,2.2,0:31,-9.4,3.4,1.7,1:40,-2.8,1.6,4.8
303,Frank Corrado-corrafr01,PIT,D,0:36,5,11:30,-2.7,0,1,0:00,,,,0:00,,,
304,Frank Vatrano-vatrafr01,TOT,LW,0:41,41,10:07,5.1,1.4,1.9,0:42,-1.2,0,3.5,0:00,,,
305,Frans Nielsen-nielsfr01,DET,C,0:47,79,12:48,-1,2.1,2.2,0:52,2.5,9.5,0.9,2:08,-0.2,1.4,8.9
306,Freddie Hamilton-hamilfr01,TOT,C,0:43,16,8:39,-9.4,0,2,0:00,,0,0,0:18,17.1,28.8,0
307,Frederick Gaudreau-gaudrfr01,NSH,C,0:46,20,9:02,-3.6,2.3,2.3,0:00,-88.9,0,0,0:06,-12,0,0
308,Frederik Gauthier-gauthfr01,TOR,C,0:45,9,7:22,-16.2,0.9,5.5,0:03,,0,0,1:18,25.8,4.8,4.8
309,Fredrik Claesson-claesfr01,OTT,D,0:50,64,13:59,-1.3,1.9,2.3,0:03,1,34,0,1:18,5.7,0,6.5
310,Gabriel Bourque-bourqga01,COL,LW,0:40,58,9:00,-9.3,1.4,2.1,0:00,,0,0,1:53,-3.7,0,6.1
311,Gabriel Carlsson-carlsga01,CBJ,D,0:37,14,11:04,-2.7,1.9,1.9,0:00,,0,0,0:14,-2.8,0,0
312,Gabriel Dumont-dumonga01,TOT,C,0:43,30,8:06,0.1,0.9,0.9,0:01,8.9,0,0,0:53,-14.1,0,0
313,Gabriel Landeskog-landega01,COL,LW,0:51,78,15:26,3.7,3.8,2.6,3:35,0.5,9.1,1.7,1:07,-2.1,0.7,5.5
314,Garnet Hathaway-hathaga01,CGY,RW,0:40,59,10:21,-0.7,2.4,2.4,0:02,-87.2,0,0,1:08,5.6,2.8,3.7
315,Gemel Smith-smithge02,DAL,C,0:38,46,9:15,3.3,2.2,1.4,0:02,,0,0,0:07,18.1,0,0
316,Giovanni Fiore-fioregi01,ANA,LW,0:47,1,6:30,-17.2,0,9.2,1:23,0,0,0,0:00,,,
317,Greg McKegg-mckeggr01,PIT,C,0:43,26,8:25,-4.2,1.6,3,0:08,10.3,0,0,1:07,7.4,2.1,14.4
318,Greg Pateryn-patergr01,DAL,D,0:45,73,16:58,-1.7,2.3,2.1,0:03,13.5,0,0,2:35,-4.1,1,8.6
319,Gustav Forsling-forslgu02,CHI,D,0:45,41,15:27,-6.8,2.7,3.2,1:09,4.3,6.3,0,2:31,-1.1,1.7,7
320,Gustav Nyquist-nyquigu01,DET,RW,0:53,82,15:23,3.3,2.3,2.3,2:27,0.7,6.6,0.3,0:00,,0,0
321,Gustav Olofsson-olofsgu01,MIN,D,0:41,41,12:27,-1.3,2.4,2.4,0:03,12.2,0,0,0:15,-2.2,0,5.4
322,Hampus Lindholm-lindhha01,ANA,D,0:57,69,18:35,4.7,3.1,2.3,1:46,-4,6.6,0.5,2:22,-2.3,0.7,6.6
323,Haydn Fleury-fleurha01,CAR,D,0:54,67,15:46,-4.5,2.1,2.2,0:06,10.6,0,0,0:54,-0.9,0,5
324,Henrik Borgström-borgshe01,FLA,C,0:39,4,11:19,-9,2.6,4,1:20,0,11.2,0,0:00,,,
325,Henrik Haapala-haapahe01,FLA,LW,0:46,5,11:54,-4.9,1,1,1:47,5,6.7,0,0:00,,,
326,Henrik Sedin-sedinhe01,VAN,C,0:40,82,12:38,5.6,2.4,3.3,2:53,-2,8.3,1.5,0:00,,0,0
327,Henrik Zetterberg-zettehe01,DET,LW,0:53,82,16:51,2.7,2.3,2.3,2:37,1.8,7,0.3,0:00,85.7,0,0
328,Hudson Fasching-faschhu01,BUF,RW,0:37,5,7:25,-2.7,0,1.6,2:16,9.2,0,0,0:00,,,
329,Ian Cole-coleia01,TOT,D,0:37,67,15:30,-1.7,3.1,2.9,0:01,-19.1,0,0,2:14,2.9,0.5,6.8
330,Ian McCoshen-mccosia01,FLA,D,0:48,38,13:57,-3.1,1.7,2.8,0:01,12.3,0,0,1:05,-0.2,0,5.6
331,Iiro Pakarinen-pakarii01,EDM,RW,0:42,40,8:39,-4.1,1.2,1,0:06,-21.8,0,0,1:25,5.7,0,6.4
332,Ivan Barbashev-barbaiv01,STL,C,0:41,53,11:49,-1.6,1.8,1.8,0:10,0,0,7,0:10,-7.3,0,21.3
333,Ivan Provorov-provoiv01,PHI,D,0:56,82,19:47,-0.1,3.2,2.4,1:46,-6.4,3.4,1.7,2:34,-4.3,0,9.8
334,J.T. Brown-brownjt01,TOT,RW,0:38,47,8:48,-0.9,0.9,2.2,0:02,12.8,0,0,0:13,23.4,0,0
335,J.T. Compher-comphj.01,COL,LW,0:47,69,12:24,0.3,1.5,3.2,2:11,1.5,8.3,2.8,1:24,-1.9,1.2,6.2
336,J.T. Miller-millejt01,TOT,C,0:48,82,14:25,-0.1,3,2.9,2:15,-3.8,6.9,0.9,0:20,15.8,0,5.8
337,Jaccob Slavin-slavija01,CAR,D,0:50,82,19:21,-0.1,2.8,2.8,0:37,-5.4,2.5,1.2,2:36,2,0.8,12.1
338,Jack Eichel-eicheja01,BUF,C,0:55,67,15:37,2.6,2.9,4.1,3:43,5.5,8.4,1.7,0:47,9.4,2.3,2.3
339,Jack Johnson-johnsja02,CBJ,D,0:40,77,17:18,-5.4,2.3,2.7,0:08,-14.9,5.2,5.2,2:05,-1.6,0.7,12.3
340,Jack Rodewald-rodewja01,OTT,RW,0:33,4,7:11,-10.8,0,2.1,0:01,18.2,0,0,0:05,87,0,0
341,Jack Roslovic-rosloja01,WPG,C,0:45,31,11:09,-2.7,3.1,1.9,1:09,-4.7,6.6,3.3,0:00,,,
342,Jacob de La Rose-delarja01,MTL,LW,0:43,55,10:54,-2.4,1.7,2,0:01,14.2,0,0,0:55,-1.9,1.1,11
343,Jacob Josefson-josefja01,BUF,C,0:43,39,9:45,-12.6,1,1.7,0:04,13.9,0,0,1:32,-2.6,1,9.1
344,Jacob Trouba-troubja01,WPG,D,0:47,55,17:54,0.3,3.2,2.7,1:28,6.1,4.4,0.7,2:30,-0.2,0.4,6.5
345,Jaden Schwartz-schwaja01,STL,C,0:50,62,15:31,7,3.7,2.6,3:13,4.3,7.2,1.2,0:38,11.8,1.5,6
346,Jake Debrusk-debruja01,BOS,LW,0:55,70,12:28,1.3,3.5,2.3,1:48,-1,7.3,2.3,0:05,16.2,0,0
347,Jake Dotchin-dotchja01,TBL,D,0:57,48,15:48,1.4,3.2,2.1,0:05,10.4,0,0,0:35,6.6,4.2,10.6
348,Jake Gardiner-gardija01,TOR,D,0:54,82,20:04,0.9,2.9,2.5,2:04,0.8,7.5,1,0:22,0.7,0,5.2
349,Jake Guentzel-guentja01,PIT,C,0:43,82,14:29,2.7,2.4,2.9,1:45,0.8,6.8,0,0:13,7.1,0,0
350,Jake McCabe-mccabja01,BUF,D,0:50,53,16:58,0.4,2.1,2.9,0:35,1.8,2,0,1:55,-1.1,0,4.7
351,Jake Muzzin-muzzija01,LAK,D,0:55,74,17:03,4.6,2.7,2.2,2:14,-4.6,7.3,0.7,2:20,3.8,0.3,5.7
352,Jake Virtanen-virtaja01,VAN,RW,0:41,75,11:41,2.2,2.1,2.7,0:17,-2.6,5.6,5.6,0:00,33.9,0,0
353,Jakob Chychrun-chychja01,ARI,D,0:52,50,18:00,-1.3,2.4,2.1,2:02,2.8,4.7,1.7,0:11,10.3,0,0
354,Jakob Silfverberg-silfvja01,ANA,LW,0:41,77,14:34,0.7,2.4,2.2,1:41,5.1,5.3,0.4,1:41,1.6,1.4,5.1
355,Jakub Jerabek-jerabja01,TOT,D,0:49,36,15:59,2.4,2.1,2.3,0:04,14,20.1,0,0:14,-10.4,0,7
356,Jakub Voracek-voracja01,PHI,RW,0:48,82,15:56,1.5,3.2,2.4,3:29,6.4,10.2,1.5,0:01,19.7,0,0
357,Jakub Vrana-vranaja01,WSH,LW,0:54,73,11:49,2.9,2.5,2.4,0:40,-5.3,3.7,1.2,0:00,-11.3,0,0
358,James Neal-nealja01,VEG,LW,0:55,71,14:41,0.4,3.1,3.5,2:26,-6.5,8.6,1.4,0:01,6.9,0,0
359,James van Riemsdyk-vanrija01,TOR,LW,0:48,81,12:35,7.4,2.9,2.5,2:16,2.4,12.4,1.6,0:01,-11,0,0
360,Jamie Benn-bennja01,DAL,LW,0:37,82,15:22,1.4,3.9,2.6,3:03,0.1,9.1,1.9,1:23,-1.8,1.1,6.9
361,Jamie McGinn-mcginja01,FLA,LW,0:40,76,11:51,-4.2,2.6,2.9,1:34,3.4,6.3,0.5,0:01,11.2,0,0
362,Jamie Oleksiak-oleksja01,TOT,D,0:38,68,14:30,-5.7,1.6,3.1,0:15,14.5,45.6,0,1:52,1.7,0,6.9
363,Jan Rutta-ruttaja02,CHI,D,0:53,57,16:35,-3,2.7,2.9,0:24,-2.4,12.6,2.5,2:15,2.3,0.9,6.1
364,Janne Kuokkanen-kuokkja01,CAR,C/LW,0:44,4,11:03,13.6,0,4.1,0:00,,,,0:00,,,
365,Jannik Hansen-hanseja01,SJS,LW,0:45,46,11:12,-0.6,2.9,2.8,0:04,-1.9,0,0,0:45,1.7,1.7,6.9
366,Jared Boll-bollja01,ANA,RW,0:45,10,4:21,-2.5,2.8,2.8,0:03,-86,0,0,0:00,,,
367,Jared McCann-mccanja01,FLA,C,0:37,68,12:02,-1,2.3,1.6,0:39,-3.5,2.2,0,0:33,14.1,1.6,4.8
368,Jared Spurgeon-spurgja01,MIN,D,0:58,61,19:06,4.2,2.5,2.8,2:37,1.3,10.5,0.4,2:48,-3.4,0.4,9.5
369,Jaromir Jagr-jagrja01,CGY,RW,0:47,22,11:27,0.6,2.9,1.4,1:35,-1.9,5.2,0,0:00,,,
370,Jason Chimera-chimeja01,TOT,LW,0:38,74,9:43,-5.3,1.8,2.9,0:03,-18.5,0,0,0:31,2,0,10.1
371,Jason Demers-demerja01,ARI,D,0:45,69,18:06,4.1,2.6,2.8,1:03,-2.8,3.9,0.8,1:58,-1.1,0,6.8
372,Jason Dickinson-dickija01,DAL,C,0:29,27,8:27,-1.1,1.1,1.6,0:02,11.9,0,0,0:02,-13,0,0
373,Jason Garrison-garrija01,VEG,D,0:46,8,17:10,-3.4,1.8,3.2,0:08,5,0,0,1:44,13.2,5,0
374,Jason Pominville-pominja01,BUF,RW,0:39,82,12:57,4.8,2.7,3.6,1:54,-3.1,3.4,0.4,0:01,19.8,0,0
375,Jason Spezza-spezzja01,DAL,C,0:40,78,10:58,2.4,1.9,2.5,1:59,2.5,6.6,2.3,0:02,-11.8,0,0
376,Jason Zucker-zuckeja01,MIN,LW,0:55,82,14:10,4.3,3.3,2.8,2:11,-0.3,9,1.3,0:35,5.8,3.7,5
377,Jay Beagle-beaglja01,WSH,RW/C,0:38,79,9:53,-10.8,2.2,2.1,0:02,-88.2,0,0,2:31,-5.4,0.6,8.8
378,Jay Bouwmeester-bouwmja01,STL,D,0:52,35,17:56,-5.4,2.4,2,0:02,,0,0,2:09,5.1,0.8,7.2
379,Jaycob Megna-megnaja02,ANA,D,0:47,14,13:28,-0.8,1.9,3.2,0:11,10.3,0,0,2:03,0,0,2.1
380,Jayson Megna-megnaja01,VAN,C,0:36,1,4:18,-14.3,0,0,0:00,,,,0:00,,,
381,Jean-Gabriel Pageau-pageaje01,OTT,C,0:44,78,13:43,-1.6,2.4,3.3,1:02,2.3,4.5,0.7,1:59,2.5,0.4,7.2
382,Jean-Sebastien Dea-deaje01,PIT,C,0:33,5,5:29,-23.1,2.2,0,0:00,,,,0:00,,,
383,Jeff Carter-carteje01,LAK,C,0:49,27,13:21,-2.4,3.4,2.8,3:09,1.4,9.9,0.7,1:19,-5.6,1.6,4.7
384,Jeff Petry-petryje01,MTL,D,0:52,82,18:20,2.5,2.3,3.4,2:47,-2.2,8.4,1.5,2:22,2,0.6,8.4
385,Jeff Skinner-skinnje01,CAR,C,0:44,82,14:35,1.6,2.4,3.6,2:06,-0.9,5.2,1.4,0:00,90,0,0
386,Jesper Bratt-brattje01,NJD,W,0:43,74,12:08,-2.1,2.2,3.2,2:03,-6.1,7.1,1.6,1:03,4.2,1.4,5.6
387,Jesper Fast-fastje01,NYR,RW,0:41,71,12:54,-0.7,2.9,3.8,0:03,-9.1,0,0,1:54,-5,1.3,6.6
388,Jesse Puljujarvi-puljuje01,EDM,RW,0:42,65,12:37,1.5,2.4,2.5,0:44,4.6,5,0,0:00,,,
389,Jim O'Brien-obrieji01,OTT,C,0:34,10,8:17,-1.9,2.2,2.9,0:00,,,,0:27,8.7,0,0
390,Jimmy Hayes-hayesji01,NJD,RW,0:45,33,10:22,-5.6,1.9,2.1,1:32,3.5,9.5,1.2,0:00,,0,0
391,Jimmy Vesey-veseyji02,NYR,LW,0:39,79,12:41,-1.2,2.5,3.4,1:28,-0.4,5.7,1,0:10,1.1,0,9.1
392,Joakim Nordstrom-nordsjo02,CAR,C,0:37,75,8:46,-4.1,1.7,2.6,0:04,9.7,0,0,1:42,-2.8,0,9.9
393,Joakim Ryan-ryanjo02,SJS,D,0:54,62,16:17,3,2.4,1.8,0:09,2.9,0,0,0:17,14.8,9.7,0
394,Joe Hicketts-hickejo01,DET,D,0:50,5,13:23,0.9,4.5,0.9,2:22,12.5,10.1,0,1:34,-2.8,0,0
395,Joe Pavelski-paveljo01,SJS,C,0:51,82,15:46,3.1,2.9,2.8,3:11,3.7,8.2,0.4,0:17,-2.9,0,7.6
396,Joe Thornton-thornjo01,SJS,C,0:46,47,14:44,3.4,2.5,3.3,3:35,0.1,9.9,0,0:01,-14.5,0,0
397,Joel Armia-armiajo01,WPG,RW,0:42,79,9:58,0.6,2.4,2.4,1:29,0.5,9.2,0.5,1:07,1.1,1.3,8.1
398,Joel Edmundson-edmunjo01,STL,D,0:50,69,18:11,-1.2,2.7,2.8,0:19,-4.7,8.2,0,2:14,-1.3,0.8,7.8
399,Joel Eriksson Ek-eriksjo02,MIN,C,0:44,75,11:35,0.7,1.9,1.9,0:06,-10.2,14.3,0,1:04,-5.7,0,4.5
400,Joel Hanley-hanlejo01,ARI,D,0:37,5,11:02,9.6,3.3,3.3,0:03,,,,0:02,-11.1,0,0
401,Joel Ward-wardjo02,SJS,RW,0:47,52,10:33,-2.6,2,2.2,0:14,-11.7,4,0,1:04,1.7,0,4.3
402,Johan Larsson-larssjo02,BUF,LW/C,0:35,80,12:00,-7.5,1.4,3.4,0:08,-0.3,4.6,0,1:57,-1.6,0.8,9.2
403,John Carlson-carlsjo01,WSH,D,0:48,82,18:27,1.7,3.1,2.9,3:41,3.3,9.7,1.4,2:37,-2.2,0.6,8
404,John Gilmour-gilmojo01,NYR,D,0:38,28,15:37,4.9,2.3,3.8,1:12,9.4,7.1,0,0:21,7.2,0,12.2
405,John Hayden-haydejo01,CHI,C,0:42,47,9:43,-6.4,2.1,2.8,0:14,-10,5.5,0,0:51,-3.6,1.5,9
406,John Klingberg-klingjo01,DAL,D,0:57,82,19:17,4,3.1,2.4,3:39,0.2,8.2,1.6,1:07,1.7,0.7,3.3
407,John Moore-moorejo01,NJD,D,0:45,81,17:49,0.4,2.6,2.6,0:22,-8.2,3.9,0,1:49,4.6,1.5,6.8
408,John Quenneville-quennjo02,NJD,C,0:44,2,13:06,1.9,0,6.9,0:11,,,,0:00,,,
409,John Tavares-tavarjo01,NYI,C,0:51,82,15:12,2.6,3.5,3.9,3:09,8.8,10.5,1.6,1:33,0.8,1.3,11.5
410,Johnny Boychuk-boychjo01,NYI,D,0:49,58,17:03,-2.5,3,3.3,0:32,-8.7,7.6,7.6,2:35,-7.2,0.8,7.6
411,Johnny Gaudreau-gaudrjo01,CGY,LW,0:43,80,15:50,1.9,3.5,3.1,3:32,2.7,7.2,1.5,0:02,86.6,0,0
412,Johnny Oduya-oduyajo01,TOT,D,0:40,52,15:06,0.4,2.3,2.3,0:02,14.2,0,0,1:57,0.2,1.1,9
413,Jon Marchessault-audymjo01,VEG,C,0:47,77,15:01,3.5,4.1,2.2,2:27,-0.3,7.9,0.6,0:01,45.6,0,0
414,Jonas Brodin-brodijo01,MIN,D,0:42,73,18:25,-2.3,3.4,2.5,0:47,-0.5,7.3,1,2:23,-0.6,1.4,7.2
415,Jonathan Drouin-drouijo01,MTL,LW,0:42,77,14:12,0.2,2,3.3,3:16,-1.5,7.9,1.2,0:06,-10.5,0,0
416,Jonathan Ericsson-ericsjo01,DET,D,0:34,81,16:36,-2,2.3,2.7,0:05,-29,0,0,2:36,-5.3,1.1,9.3
417,Jonathan Huberdeau-huberjo01,FLA,C,0:57,82,15:42,3.9,3.4,3.3,3:23,-0.8,6.6,0.6,0:05,-14.4,0,0
418,Jonathan Toews-toewsjo01,CHI,C,0:54,74,14:51,5.3,2.9,2.9,3:08,4.6,6.2,0.5,1:42,0.5,0.5,9
419,Jonathon Merrill-merrijo01,VEG,D,0:47,34,15:35,0,2.3,1.6,0:04,8.4,0,0,0:24,0,0,6.3
420,Jonny Brodzinski-brodzjo01,LAK,C,0:41,35,9:13,-4.7,2.4,1.5,0:15,-2.9,0,0,0:01,88.4,0,0
421,Joonas Donskoi-donskjo01,SJS,RW,0:49,66,13:19,5.6,2.8,2.2,1:37,2.1,6.9,0.5,0:01,34.9,0,0
422,Jordan Eberle-eberljo01,NYI,RW,0:48,81,14:05,9.8,3.7,3.2,1:56,-5.9,5.8,1.9,0:01,39.7,0,7.2
423,Jordan Greenway-greenjo02,MIN,LW,0:42,6,11:15,-4.3,1.8,1.8,0:08,,0,0,0:03,-14.3,0,0
424,Jordan Martinook-martijo01,ARI,LW,0:37,81,12:00,1,1.4,2.8,0:09,-23.5,4.2,4.2,1:50,0.2,0.4,8.8
425,Jordan Nolan-nolanjo01,BUF,C,0:42,69,9:40,-6.2,1.1,2.2,0:04,-37.5,0,0,0:02,-2.8,0,35.1
426,Jordan Oesterle-oestejo01,CHI,D,0:51,55,18:46,-0.6,2.4,3.1,1:04,-1.5,5,0,0:40,7.7,0,12.9
427,Jordan Schmaltz-schmajo01,STL,D,0:37,13,10:33,4.9,1.3,1.3,0:24,-16.5,0,0,0:00,,,
428,Jordan Schroeder-schrojo01,CBJ,C,0:36,21,7:20,-2.8,0.8,2.3,0:06,8.5,0,0,0:01,,0,0
429,Jordan Staal-staaljo01,CAR,C,0:44,79,14:55,0,2.9,3,2:35,1,7.3,0.9,1:44,-2,0.9,9.2
430,Jordan Szwarz-szwarjo01,BOS,RW,0:41,12,10:29,-8.3,1.9,3.8,0:42,20.4,7,0,0:18,-10.5,0,0
431,Jordan Weal-wealjo01,PHI,C,0:44,69,11:25,0.4,2.1,2.7,1:31,-5.3,2.9,1.7,0:00,,,
432,Jordie Benn-bennjo01,MTL,D,0:50,77,16:45,-0.7,1.8,2.2,0:01,12.8,0,0,2:11,5.5,1.7,11.4
433,Jori Lehtera-lehtejo01,PHI,C,0:44,62,9:12,-1.5,1.6,2.2,0:33,-6,1.7,5.2,0:44,-9.1,1.2,10.6
434,Joseph Blandisi-blandjo01,ANA,C,0:55,3,11:36,3.5,3.4,0,0:04,,,,0:00,,,
435,Joseph Morrow-morrojo02,TOT,D,0:49,56,15:27,-2,1.3,2.4,0:38,0.8,10,0,0:38,-4,0,8.7
436,Josh Anderson-anderjo05,CBJ,RW,0:56,63,15:41,3.3,2.6,2.7,1:21,-5.8,4.8,0,0:59,-1.9,0,1.9
437,Josh Archibald-archijo01,TOT,RW,0:31,42,10:53,-2.8,2.1,2.2,0:09,-16.4,8.8,8.8,0:53,-0.8,0,3.6
438,Josh Bailey-bailejo01,NYI,C,0:50,76,14:36,-1.5,3.1,3.9,3:00,6.3,10.8,1.1,0:15,8.1,0,3.9
439,Josh Gorges-gorgejo01,BUF,D,0:44,34,12:59,-6.1,1.6,2.2,0:01,,0,0,1:54,3.9,0,3.7
440,Josh Jooris-joorijo01,TOT,C,0:43,40,8:46,-3.6,1.4,2.8,0:05,-15.3,0,0,0:54,0.7,0,4.5
441,Josh Leivo-leivojo01,TOR,LW,0:32,16,8:41,1.4,2.2,2.2,1:52,-4.9,2,0,0:00,,,
442,Josh Manson-mansojo01,ANA,D,0:47,80,17:49,2,3.2,1.8,0:05,-16.4,0,0,2:26,0.4,0.6,6.7
443,Josh Morrissey-morrijo04,WPG,D,0:49,81,17:42,-1,3.1,2.6,0:19,-14.2,2.3,0,2:25,-0.5,0.9,6.1
444,Joshua Ho-Sang-hosanjo01,NYI,C/RW,0:45,22,12:01,-3.4,2.9,3.9,2:15,-7.6,2.4,3.6,0:00,,,
445,Jujhar Khaira-khairju01,EDM,LW,0:48,69,10:52,-1.1,2,2.7,0:20,-5.2,4.9,2.5,1:29,-2.3,1.1,3.9
446,Julius Honka-honkaju01,DAL,D,0:41,42,11:39,3.4,1.8,2,1:17,0.9,2.2,0,0:04,38.5,0,0
447,Jussi Jokinen-jokinju01,TOT,C,0:34,60,10:04,-1.6,0.5,2.1,0:47,-10.2,10.8,0,0:42,9.3,0,11.3
448,Justin Abdelkader-abdelju01,DET,LW,0:49,75,12:49,0.7,2.4,3,2:20,3,6.5,0.3,1:23,2,0,9.3
449,Justin Auger-augerju01,LAK,RW,0:42,2,7:59,-20.5,0,3.8,0:00,,,,0:00,,,
450,Justin Bailey-baileju01,BUF,RW,0:44,12,10:27,-8.6,2.4,3.4,0:03,,0,0,0:45,3.5,0,0
451,Justin Braun-braunju01,SJS,D,0:53,81,18:33,-8.5,2.7,2.5,0:05,-31,0,0,2:41,-9.3,0.8,6.3
452,Justin Falk-falkju01,BUF,D,0:36,46,14:27,-6.1,1.3,2.9,0:01,,0,0,1:35,-0.8,1.6,9.8
453,Justin Faulk-faulkju01,CAR,D,0:56,76,18:46,1.6,2.4,3.4,2:56,0.2,7.2,0.8,0:32,0.1,1.5,7.5
454,Justin Holl-hollju01,TOR,D,0:39,2,16:05,1.1,9.3,0,0:00,,,,1:16,-33.3,0,0
455,Justin Kloos-kloosju01,MIN,C,0:39,1,8:33,6.6,0,0,0:06,,,,0:00,,,
456,Justin Schultz-schulju01,PIT,D,0:47,63,17:06,-2.1,3.7,2.5,2:17,-1.2,8.8,0,0:06,4.7,0,8.4
457,Justin Williams-williju01,CAR,RW,0:43,82,14:26,1.3,2.6,2.8,2:08,-3.7,5.8,1.7,0:00,-10.2,0,0
458,Kailer Yamamoto-yamamka01,EDM,RW,0:53,9,13:43,5.3,1.5,2,1:23,-6.5,3.4,3.4,0:02,-13.2,0,0
459,Kalle Kossila-kossika01,ANA,LW,0:45,10,8:54,4.3,1.3,4,0:10,16,0,0,0:00,,,
460,Karl Alzner-alzneka01,MTL,D,0:44,82,17:11,-0.9,2.1,2.6,0:01,13,0,0,2:51,-6,0.7,8.5
461,Kasperi Kapanen-kapanka01,TOR,RW,0:42,38,10:08,-0.2,1.6,1.9,0:01,-90.6,0,0,1:04,9,1.4,9.5
462,Keegan Lowe-loweke02,EDM,D,0:40,2,12:44,-5.6,2.4,4.7,0:00,,,,1:09,14.3,0,0
463,Keith Yandle-yandlke01,FLA,D,0:48,82,18:57,-1,3.2,3,3:17,4,6.3,0.6,2:14,-1.1,2,7.6
464,Kenny Agostino-agostke01,BOS,LW,0:38,5,8:59,-8.5,1.3,2.7,3:03,-2,15.7,0,0:00,,,
465,Kerby Rychel-rycheke01,MTL,LW,0:39,4,10:16,-14.4,2.9,5.8,0:45,-1,0,0,0:00,,,
466,Kevan Miller-milleke03,BOS,D,0:48,68,17:09,0.2,2.6,2,0:04,-11.5,0,0,2:13,-0.6,1.2,5.9
467,Kevin Bieksa-biekske01,ANA,D,0:53,59,15:36,-6,1.5,2.5,0:29,-10.4,7.5,0,1:55,-4.4,1.1,3.7
468,Kevin Connauton-connake01,ARI,D,0:37,73,14:25,-1.2,2.6,2.4,0:10,-25.9,0,3.8,0:34,-5.8,0,6.9
469,Kevin Fiala-fialake01,NSH,LW,0:45,80,12:50,6.6,3,1.8,2:17,-0.6,8.2,0.3,0:00,38.1,0,0
470,Kevin Gravel-graveke01,LAK,D,0:44,16,13:08,-6.9,1.7,2.6,0:40,-8.9,5.6,0,0:12,-13.7,0,0
471,Kevin Hayes-hayeske01,NYR,RW,0:38,76,13:59,-0.5,2.8,2.8,1:07,0.4,7.7,0.7,2:14,3.2,0.7,7
472,Kevin Labanc-labanke01,SJS,RW,0:38,77,12:05,5,2.7,2.9,2:13,1,9,1,0:01,-13.4,0,0
473,Kevin Rooney-rooneke01,NJD,C,0:39,1,11:13,11.1,0,0,0:19,20,0,0,0:14,,,
474,Kevin Roy-royke01,ANA,C,0:44,25,12:27,-3.2,2.1,1.6,1:10,-17.7,5.6,0,0:01,,0,0
475,Kevin Shattenkirk-shattke01,NYR,D,0:49,46,17:00,1,2.3,3.2,3:11,-1,7.8,0.8,0:04,35.5,0,17.4
476,Klas Dahlbeck-dahlbkl01,CAR,D,0:51,33,15:12,-7.8,2,2.9,0:05,9,0,0,1:04,-1.6,1.7,5.1
477,Korbinian Holzer-holzeko01,ANA,D,0:37,16,10:40,-2.8,1.4,2.5,0:00,,,,0:56,-5.2,0,4
478,Kris Letang-letankr01,PIT,D,0:57,79,19:38,4.6,2.9,3.4,3:06,5.5,10.9,0.7,2:35,2.2,1.2,5.6
479,Kris Russell-russekr01,EDM,D,0:48,78,16:48,-3.8,2.3,2.8,0:15,5.3,4.8,0,2:01,-1.3,1.1,10
480,Kris Versteeg-verstkr01,CGY,RW,0:57,24,10:04,-5.8,1,2,3:06,7.2,11.3,2.4,0:00,,,
481,Kurtis MacDermid-macdeku01,LAK,D,0:41,34,10:59,-6.9,1.6,2.1,0:21,-5.9,4.8,4.8,0:15,-0.8,0,0
482,Kyle Brodziak-brodzky01,STL,C,0:40,81,11:38,-5.4,2.6,2,0:04,-20.9,0,0,1:45,0.6,1.3,9.3
483,Kyle Capobianco-capobky01,ARI,D,0:38,1,13:32,-16.1,4.4,8.9,0:00,,,,0:01,,0,0
484,Kyle Clifford-cliffky01,LAK,LW,0:40,50,10:24,1.7,1.5,2,0:06,-25.2,0,0,0:02,-12.6,0,0
485,Kyle Connor-connoky01,WPG,LW,0:48,76,14:14,-2.5,3.2,2.4,2:39,-0.2,7.4,1.5,0:00,39.9,0,0
486,Kyle Criscuolo-criscky01,BUF,C,0:44,9,7:37,-3,0,3.5,0:01,,,,0:21,12.6,0,0
487,Kyle Okposo-okposky01,BUF,RW,0:57,76,13:30,-0.7,2.1,3.7,3:24,7.7,7.7,1.6,0:06,-13.6,0,6.9
488,Kyle Palmieri-palmiky01,NJD,RW,0:42,62,13:50,0.7,2.8,2.8,2:46,5.9,10.9,0,0:42,-1.7,0,2.3
489,Kyle Quincey-quincky01,MIN,D,0:43,18,11:42,-7.8,1.7,3.4,0:03,,0,0,2:30,0.3,2.6,6.6
490,Kyle Rau-rauky01,MIN,C,0:48,3,11:01,-2,1.8,1.8,0:00,,,,0:00,,,
491,Kyle Turris-turriky01,TOT,C,0:46,76,14:11,6.1,3.3,1.8,2:19,-0.5,9.7,0.4,0:06,12.9,0,0
492,Lance Bouma-boumala01,CHI,C,0:46,53,9:27,-4.1,2,2,0:15,3.5,8.5,0,0:55,-11.5,1.2,6.2
493,Landon Ferraro-ferrala01,MIN,C,0:42,2,4:23,-6.3,6.8,0,0:01,,0,0,0:00,,,
494,Lars Eller-ellerla01,WSH,C,0:48,81,12:18,0.2,2.7,3.1,1:11,-9.2,6.3,0,1:48,3.2,0.4,5.7
495,Laurent Dauphin-dauphla01,ARI,C,0:32,2,7:13,-7.2,0,4.2,0:00,,,,0:00,,,
496,Lawson Crouse-crousla01,ARI,LW,0:35,11,10:33,-0.6,1.1,4.3,0:02,-39.3,0,0,0:19,-11.1,0,8.2
497,Lee Stempniak-stemple01,CAR,RW,0:51,37,11:54,0.3,1.5,2.6,0:09,9.5,14.9,0,0:23,-6.1,0,8.1
498,Leo Komarov-komarle01,TOR,C,0:43,74,12:30,-6.7,2.2,2.3,0:41,3.4,7.4,0,2:34,-3.5,0.6,5.3
499,Leon Draisaitl-draisle01,EDM,C,0:43,78,15:28,4,3.6,4.1,2:49,-0.2,4.3,0.5,1:00,6.5,2,7.5
500,Liam O'Brien-obrieli01,WSH,C,0:39,3,6:55,-13.4,0,0,0:00,,,,0:00,,,
501,Lias Andersson-anderli01,NYR,C,0:46,7,11:27,-1.2,3,2.2,0:02,,0,0,0:26,10,0,19.3
502,Logan Brown-brownlo01,OTT,C,0:45,4,5:47,6.4,5.2,5.2,2:20,2.8,0,0,0:00,,,
503,Logan Couture-coutulo01,SJS,C,0:43,78,14:02,-0.2,3,3.1,3:06,4.5,7.4,0.5,1:23,0.8,1.6,7.7
504,Logan Shaw-shawlo01,TOT,RW,0:39,72,10:09,0.4,1.8,2.3,0:04,-1.5,0,0,1:39,-4.3,1.4,4.9
505,Loui Eriksson-erikslo01,VAN,LW,0:39,50,12:34,2.9,2.3,2.4,1:24,3.4,7.7,0.9,2:17,-0.4,1.6,7.9
506,Louis Belpedio-belpelo01,MIN,D,0:45,1,15:09,8.5,7.9,4,0:38,100,0,0,0:00,,,
507,Luca Sbisa-sbisalu01,VEG,D,0:45,30,16:54,-9.1,3.3,2.7,0:14,0.3,4.7,0,2:22,-3.2,1.6,6.4
508,Lucas Wallmark-wallmlu01,CAR,C,0:47,11,9:01,-1.9,1.2,3.6,0:10,,0,0,0:17,13.9,0,0
509,Lukas Sedlak-sedlalu01,CBJ,C,0:37,53,8:43,-3,2.2,2.5,0:02,-26.4,0,19.6,0:37,5.9,0,12.6
510,Luke Glendening-glendlu01,DET,C,0:48,69,10:24,-7.8,1.6,3,0:04,11,11.5,0,2:43,-3.3,1,7.7
511,Luke Kunin-kuninlu01,MIN,C,0:46,19,11:59,0.4,1.1,2.1,0:03,,0,0,0:55,4.6,3.4,3.4
512,Luke Schenn-schenlu01,ARI,D,0:42,64,14:26,-4.1,1.5,2.4,0:01,11.5,0,0,1:55,1.3,1,9.3
513,Luke Witkowski-witkolu01,DET,D,0:47,31,6:49,-8.1,1.7,2,0:00,,0,0,0:03,28.5,0,0
514,MacKenzie Weegar-weegama01,FLA,D,0:53,60,14:02,3.7,1.7,1.4,0:22,-0.7,0,0,0:08,21.4,0,0
515,Madison Bowey-boweyma01,WSH,D,0:47,51,13:23,-3.9,1.8,2.3,0:01,-88.3,0,0,0:17,0.4,4.1,16.4
516,Magnus Paajarvi-paajama01,TOT,LW,0:43,79,10:59,-1.8,1.8,2.9,0:03,-38.8,0,0,1:23,-1.3,0,5.5
517,Marc Methot-methoma01,DAL,D,0:43,36,15:41,-4.7,2.3,1.3,0:03,-12.1,0,0,2:08,0.6,1.6,5.5
518,Marc Staal-staalma01,NYR,D,0:45,72,15:40,-4,2.6,2.2,0:02,11.2,21.7,0,2:49,-1.4,1.2,6.2
519,Marc-Edouard Vlasic-vlasima01,SJS,D,0:47,81,18:36,-3.8,2.8,2.6,1:07,-8.1,5.4,0.6,2:48,-7.1,0.5,6.3
520,Marco Scandella-scandma01,BUF,D,0:41,82,19:07,0.1,2.3,3,1:30,-1.7,3.7,0,2:40,-5.1,1.6,9
521,Marcus Foligno-foligma01,MIN,LW,0:54,77,10:35,0.9,2.4,2.3,0:15,-4.6,8.8,0,0:00,88.8,0,0
522,Marcus Johansson-johanma03,NJD,C/W,0:56,29,13:02,-1.3,1.9,3.5,2:52,1.3,3.6,0.7,0:04,3.9,0,20.9
523,Marcus Kruger-krugema01,CAR,C,0:36,48,9:31,0.4,1.4,2.1,0:07,9.8,0,0,1:11,0.4,0,14.9
524,Marcus Pettersson-pettema01,ANA,D,0:49,22,12:16,-4.5,2.4,1.8,0:45,-1.6,3.6,0,0:34,24.8,9.4,4.7
525,Marcus Sorensen-sorenma01,SJS,RW,0:39,32,9:18,-3,2,3.1,0:01,-88,0,0,0:48,-5.6,0,9.3
526,Marek Hrivik-hrivima01,CGY,LW,0:43,3,8:23,-2.9,2.4,0,0:06,,0,0,0:00,,,
527,Marian Gaborik-gaborma01,TOT,RW,0:44,46,12:04,-1,2.7,1.3,1:51,2.1,7.6,0,0:02,32.3,0,0
528,Mario Kempe-kempema01,ARI,C,0:29,18,10:22,-2.8,1.6,1.9,0:00,,,,0:42,-4.8,0,4.7
529,Mark Alt-altma01,TOT,D,0:51,15,11:45,-4.7,1.8,1.8,0:00,,0,0,0:40,3.5,0,10.8
530,Mark Barberio-barbema01,COL,D,0:37,46,14:59,1.1,2.4,2,0:09,13.5,5,0,2:07,2.1,1.2,5
531,Mark Borowiecki-borowma01,OTT,D,0:38,52,13:26,-0.2,2.3,3,0:00,,0,0,1:11,5.9,1.9,4.8
532,Mark Giordano-giordma01,CGY,D,0:50,82,18:33,6.1,2.7,2.9,3:08,-1.8,5.5,0.7,3:06,0.3,1.4,7.3
533,Mark Jankowski-jankoma01,CGY,C,0:49,72,11:27,-3.6,2,2.7,0:48,4.3,4.8,1,1:04,3,2.4,3.9
534,Mark Letestu-letesma01,TOT,C,0:35,80,9:14,-8.7,1.5,1.5,1:46,1.9,0,0,1:50,-6.1,0,11.2
535,Mark Pysyk-pysykma01,FLA,D,0:47,82,16:36,-1.1,2.8,3.3,0:05,-3.8,0,0,2:04,-2.3,1.1,8.1
536,Mark Scheifele-scheima01,WPG,C,0:49,60,16:23,-0.1,3.5,2.3,3:07,-3.7,10.9,1.3,1:10,6.6,3.4,7.7
537,Mark Stone-stonema01,OTT,RW,0:50,58,16:22,5.2,3.9,3.5,3:05,3.9,6.1,0,1:11,2.4,0.8,6.4
538,Mark Streit-streima01,MTL,D,0:39,2,12:08,6.8,0,4.9,2:05,-18.2,0,0,0:00,,,
539,Marko Dano-danoma01,WPG,C,0:24,23,6:58,1.3,1.9,2.6,0:09,-20.4,0,0,0:03,87.4,0,0
540,Markus Granlund-granlma01,VAN,C,0:35,53,12:42,-2.8,1.3,2.4,1:08,-2,7,0,2:24,1.9,0.9,8
541,Markus Hannikainen-hannima01,CBJ,LW,0:42,33,7:50,-4.2,1.7,2.1,0:02,-21.6,0,0,0:29,-7.9,2.8,8.5
542,Markus Nutivaara-nutivma01,CBJ,D,0:44,61,15:25,3,2.6,1.7,0:33,-8.1,5.3,0,0:02,-15,0,6.8
543,Martin Frk-frkma01,DET,RW,0:41,68,8:07,2.2,2.2,3.4,2:09,0.1,6.5,1.6,0:00,,,
544,Martin Hanzal-hanzama01,DAL,C,0:35,38,10:42,-4.3,1.5,3.5,1:39,-0.7,7.6,1.9,1:44,3.8,0,4.6
545,Martin Marincin-marinma01,TOR,D,0:38,2,14:11,-7.1,0,4.2,0:03,,,,2:26,12.9,0,0
546,Martin Necas-necasma01,CAR,C,0:31,1,6:54,11.4,0,0,0:00,,,,0:00,,,
547,Mathew Barzal-barzama01,NYI,C,0:52,82,14:33,8.1,3.6,3.2,3:10,7.5,10.7,1.4,0:01,18,0,5.8
548,Mathew Dumba-dumbama01,MIN,D,0:47,82,19:38,-0.3,3.3,2.7,2:20,0.1,5.9,1.6,1:49,4.2,1.2,4
549,Mathieu Perreault-perrema01,WPG,C,0:51,70,12:11,6.2,2.6,2.3,2:14,3.1,10.7,0.8,0:01,64.6,36,0
550,Mats Zuccarello-zuccama01,NYR,LW,0:48,80,15:03,0.7,2.7,3,2:45,0,8.2,1.1,1:06,-0.8,0,6
551,Matt Bartkowski-bartkma01,CGY,D,0:52,18,12:22,-6.8,1.6,2.7,0:00,,0,0,0:57,6.6,3.5,0
552,Matt Beleskey-belesma01,TOT,LW,0:42,15,9:38,-17.5,0,4.8,0:56,,,,0:23,,,
553,Matt Benning-bennima01,EDM,D,0:43,73,15:50,1.6,2.9,2.6,0:53,-0.2,5.2,0.9,0:32,3,2.6,11.5
554,Matt Calvert-calvema01,CBJ,LW,0:40,69,11:33,-4.6,2.3,3.3,0:17,-3.9,9.4,0,1:32,5.6,1.1,11.3
555,Matt Cullen-cullema01,MIN,C,0:45,79,10:55,-8.1,2.4,2.4,0:06,-18.6,6.8,6.8,0:51,-3.5,0,8
556,Matt Duchene-duchema01,TOT,C,0:55,82,15:23,1.2,2.6,3.7,2:40,2.8,6.1,1,0:15,-7.8,0,10.4
557,Matt Grzelcyk-grzelma01,BOS,D,0:46,61,15:32,1.9,2.8,1.4,1:06,-6.1,5.7,0.8,0:05,20.8,0,0
558,Matt Hendricks-hendrma01,WPG,C,0:32,60,7:22,-1.1,2.6,2.7,0:03,-25.6,0,0,1:59,-5.2,0,6.5
559,Matt Hunwick-hunwima01,PIT,D,0:45,42,15:22,-4.4,2.4,3,0:04,16.9,7.1,0,2:03,-3.8,1.4,7.6
560,Matt Irwin-irwinma01,NSH,D,0:34,50,12:47,0.1,2.3,2.2,0:01,,0,0,0:36,3.8,0,7.9
561,Matt Martin-martima02,TOR,LW,0:37,50,7:58,-2.1,2.9,2.9,0:00,,0,0,0:00,,,
562,Matt Moulson-moulsma01,BUF,LW,0:41,14,8:44,-0.6,0,3.4,1:30,-1.8,5.6,5.6,0:01,,,
563,Matt Niskanen-niskama01,WSH,D,0:53,68,19:21,0.7,3.3,2.2,0:31,-9.2,3.4,1.7,2:43,4.1,0.6,6.8
564,Matt Read-readma01,PHI,RW,0:47,19,9:41,-0.5,1,1.7,0:02,,0,0,1:09,-3.2,0,4.5
565,Matt Stajan-stajama01,CGY,C,0:45,68,9:20,-2.1,1.8,1.4,0:03,12.2,0,0,1:32,0.3,0,10.4
566,Matt Tennyson-tennyma01,BUF,D,0:43,15,15:31,-2.7,2.3,4.4,1:46,0.6,2.3,2.3,0:40,31.2,5.9,5.9
567,Matthew Highmore-highmma01,CHI,LW,0:38,13,11:12,3,1.6,3.3,0:01,,0,0,0:55,7.3,0,15.1
568,Matthew Nieto-nietoma01,COL,LW,0:45,74,12:32,-3.7,2.6,2.4,0:05,-14.4,0,0,2:16,3.8,1.1,7.9
569,Matthew Peca-pecama01,TBL,C,0:46,10,12:23,-3.9,4.4,1.9,0:06,-91.6,0,0,1:10,-6.6,5.1,10.2
570,Matthew Tkachuk-tkachma01,CGY,LW,0:44,68,14:15,6.4,2.7,2.7,2:58,-1.7,6.5,0.3,0:00,,0,0
571,Mattias Ekholm-ekholma01,NSH,D,0:45,81,18:49,4.5,3.1,2.4,1:52,0.7,7.5,0.8,2:53,-2.1,1.8,5.9
572,Mattias Janmark-janmama02,DAL,C,0:44,81,13:58,-2,2,2.8,1:32,-2.1,5.3,1.4,1:24,2.1,1.6,9.1
573,Max Domi-domima01,ARI,LW,0:43,82,14:02,0.7,3.1,3.3,2:36,1.7,5.3,1.4,0:02,13.8,0,0
574,Max McCormick-mccorma01,OTT,LW,0:38,30,8:01,-1.9,1.7,3,0:00,,,,0:19,14.7,0,6.2
575,Max Pacioretty-pacioma01,MTL,LW,0:55,64,14:12,2.9,2.7,3.7,3:05,3.4,8.9,0.9,1:42,4,1,8.4
576,Maxim Mamin-maminma01,FLA,C/RW,0:40,26,10:25,-1,1.6,1.1,0:05,-37.6,0,0,0:00,,,
577,Melker Karlsson-karlsme01,SJS,C,0:38,71,11:48,-6.8,1.9,2.4,0:02,-11,0,0,1:23,2.9,1.2,3
578,Michael Amadio-amadimi01,LAK,C,0:31,37,8:29,-2.4,1.5,1.7,0:48,-3.1,14.5,2.1,0:01,,,
579,Michael Bournival-bournmi01,TBL,LW,0:43,5,9:20,-9.8,0,0,0:00,,,,0:00,,,
580,Michael Chaput-chapumi01,VAN,C,0:34,9,8:30,-2.1,1.6,3.9,0:02,,0,0,1:14,9.6,0,17.2
581,Michael Dal Colle-dalcomi01,NYI,LW,0:55,4,12:10,-1.6,1.2,1.2,1:10,28.6,0,0,0:00,,,
582,Michael Del Zotto-delzomi01,VAN,D,0:49,82,17:44,-2.7,2.6,2.9,0:54,-5.2,8,2.4,2:09,3.2,1,8.2
583,Michael Frolik-frolimi01,CGY,LW,0:47,70,14:19,3.4,2,3.2,0:35,-4,0,0,2:01,4.8,0.9,4.7
584,Michael Grabner-grabnmi01,TOT,RW,0:38,80,12:43,-2.5,3,2.3,0:03,-13.3,18.3,0,2:02,3.3,1,3.4
585,Michael McCarron-mccarmi01,MTL,RW,0:39,18,8:40,-8,1.9,2.3,0:05,12.9,0,0,0:00,,,
586,Michael Raffl-rafflmi01,PHI,LW,0:35,76,11:58,1.1,2.9,2.3,0:12,-11.6,3.7,0,1:04,-1,0,6.1
587,Michael Stone-stonemi01,CGY,D,0:43,82,13:43,-5.2,1.9,2.6,0:34,-1.8,3.4,0,2:27,-3.8,0.6,6
588,Michal Kempny-kempnmi01,TOT,D,0:47,53,15:08,-0.4,3,2.9,0:04,,,,0:41,-8.4,0,11.1
589,Micheal Ferland-ferlami01,CGY,LW,0:35,77,13:07,-1.4,3.2,2.7,1:51,2.8,6.1,1.2,0:02,-12.8,0,0
590,Micheal Haley-haleymi01,FLA,C,0:41,75,7:41,-3.6,1.5,2.9,0:01,-13.4,0,0,0:04,-14,0,0
591,Miikka Salomaki-salommi01,NSH,RW,0:44,58,10:00,-0.9,1.7,2.5,0:02,10.6,0,0,0:14,-0.2,0,8.7
592,Mika Zibanejad-zibanmi01,NYR,C,0:43,72,13:48,7.4,2.4,3.6,2:58,2.4,8.7,0.8,1:10,0.7,0.7,6.4
593,Mikael Backlund-backlmi01,CGY,C,0:53,82,14:30,4.2,2.3,3.4,2:08,-6.3,5.3,0.7,2:22,-0.5,0.9,6.2
594,Mikael Granlund-granlmi01,MIN,C,0:56,77,14:22,4,3.3,2.6,2:29,3.4,8.1,0.9,1:54,0.8,1.2,7.3
595,Mike Blunden-blundmi01,OTT,RW,0:39,1,6:31,3.4,0,0,0:00,,,,0:00,,,
596,Mike Cammalleri-cammami01,TOT,C/W,0:42,66,12:06,-1.2,2.5,2.8,1:23,-1.1,3.4,1.1,0:16,-1.1,0,13.5
597,Mike Fisher-fishemi01,NSH,C,0:40,16,10:39,-12.2,2.1,2.1,0:01,10.8,138.5,0,1:39,-5,0,6.8
598,Mike Green-greenmi03,DET,D,0:45,66,19:35,-1.2,2,2.6,2:21,-1.2,6.2,1.2,0:08,12.8,0,12.6
599,Mike Hoffman-hoffmmi02,OTT,C/LW,0:48,82,15:16,2.9,2.8,3.6,3:05,1.6,7.3,0.9,0:02,13,0,0
600,Mike Liambas-liambmi01,ANA,LW,0:23,7,5:15,-6.2,1.6,1.6,0:02,,,,0:00,,,
601,Mike Matheson-mathemi01,FLA,D,0:46,81,18:25,-0.6,2.7,2.8,1:06,-2.7,6.4,0.6,1:47,0.5,1.2,7.1
602,Mike Reilly-reillmi01,TOT,D,0:45,57,13:14,-0.3,2.9,2.7,1:38,5,5.7,0,0:04,-5,0,42.4
603,Mikhail Sergachev-sergami01,TBL,D,0:48,79,13:29,3.4,3.2,2.4,1:51,-5.6,9.4,0.8,0:00,90.4,0,0
604,Mikkel Boedker-boedkmi01,SJS,RW,0:33,74,11:57,-4.6,2.6,2.6,1:22,-6.5,7,0.6,0:00,-13.8,0,0
605,Mikko Koivu-koivumi01,MIN,C,0:49,82,13:57,3.5,2.8,2.3,2:29,2.9,6.8,0.6,2:02,2.2,0.7,8.2
606,Mikko Rantanen-rantami01,COL,RW,0:50,81,15:12,4.8,3.5,3,3:44,2,10,1.8,0:01,-8.9,0,0
607,Milan Lucic-lucicmi01,EDM,LW,0:54,82,13:48,1,2.7,3.2,2:07,-6.8,4,1.3,0:00,-15.8,0,0
608,Miles Wood-woodmi01,NJD,LW,0:55,76,11:29,1.7,2.5,2.7,0:57,-7.1,7.4,2.5,0:00,-15.2,0,0
609,Mirco Mueller-muellmi01,NJD,D,0:33,28,14:30,-0.1,2.4,2.2,0:07,-55.1,0,34.4,2:02,4.1,3.1,5.2
610,Mitch Marner-marnemi01,TOR,C,0:38,82,14:09,3.8,2.8,2.7,2:11,2.5,12.1,1.3,0:02,-11,0,17
611,Mitch Reinke-reinkmi01,STL,D,0:37,1,13:05,-1.6,0,0,0:00,,,,0:00,,,
612,Morgan Klimchuk-klimcmo01,CGY,LW,0:34,1,7:25,7.8,0,0,0:00,,,,0:00,,,
613,Morgan Rielly-riellmo01,TOR,D,0:40,76,18:15,2.6,2.9,3.1,2:11,-1.9,11.4,0.7,1:08,10.7,0.6,8.4
614,Nail Yakupov-yakupna01,COL,RW,0:36,58,8:57,0,2.9,2.3,1:52,-2.7,4.8,1.6,0:00,,,
615,Nate Prosser-prossna01,TOT,D,0:47,57,12:06,-5.3,2.3,1.7,0:02,-21.2,0,0,1:18,0.6,0.8,4
616,Nate Schmidt-schmina01,VEG,D,0:50,76,18:36,-1.5,3.4,2.5,1:44,-2.9,7.9,1.2,1:53,-1.4,0.4,5.9
617,Nate Thompson-thompna01,TOT,C,0:38,69,10:40,-5.8,2.4,2.6,0:02,14.1,0,0,2:02,-4.2,1.2,11.1
618,Nathan Beaulieu-beaulna01,BUF,D,0:54,59,14:47,0.5,1.9,3,0:53,-12.2,5.2,4.2,0:15,13.6,3.9,3.9
619,Nathan Gerbe-gerbena01,CBJ,C,0:45,2,8:36,-4.2,0,3.5,0:00,,,,0:00,,,
620,Nathan MacKinnon-mackina01,COL,C,0:47,74,15:59,4.9,4,3.3,3:36,1.8,10.2,1.1,0:18,-0.5,2.6,7.9
621,Nathan Walker-walkena01,TOT,C,0:37,9,8:59,4.1,3,2,0:08,12.9,0,0,0:19,95.1,0,0
622,Nazem Kadri-kadrina01,TOR,C,0:44,80,14:39,-1.6,2.8,2.6,2:05,-0.2,12.3,1.1,0:00,-10.9,0,0
623,Neal Pionk-pionkne01,NYR,D,0:47,28,18:47,-6.3,2.3,2.6,1:14,-4.8,10.3,0,2:20,0.4,1.8,8.2
624,Nic Dowd-dowdni01,TOT,C,0:37,56,9:23,-1.5,1.4,2.6,0:01,14.8,109.1,0,1:08,-4,0.9,8.5
625,Nic Petan-petanni01,WPG,C,0:47,15,7:48,-2.6,2,2,0:36,6.6,13.2,0,0:00,,,
626,Nicholas Baptiste-baptini01,BUF,RW,0:35,33,8:58,-2.6,1.6,2.5,0:48,-19.2,6,0,0:10,-11.8,0,10.3
627,Nicholas Merkley-merklni01,ARI,RW,0:42,1,11:27,-21.6,0,0,2:03,6.7,0,0,0:00,,,
628,Nick Bjugstad-bjugsni01,FLA,C,0:39,82,13:35,4.1,3.3,2.9,1:31,-0.1,4.9,0.4,0:00,-14.3,0,0
629,Nick Bonino-boninni01,NSH,C,0:37,71,12:52,-5.5,2.6,2.4,0:40,1.3,3.8,0,2:05,-7.1,0,7.3
630,Nick Cousins-cousini01,ARI,C,0:35,71,12:30,0.8,2.2,2.7,0:19,-1.7,4.9,0,0:01,-11,0,0
631,Nick Foligno-foligni01,CBJ,LW,0:46,72,14:45,-0.2,2.7,2.5,2:23,3.6,3.8,0.7,1:12,2.3,0,6.9
632,Nick Holden-holdeni01,TOT,D,0:45,73,16:30,0.2,2.4,2.8,0:29,-1.6,11.7,2,2:00,-4.3,1.8,1.8
633,Nick Jensen-jenseni02,DET,D,0:50,81,14:15,3.6,2.1,2.6,0:04,-1.3,10.4,0,1:55,4.3,1.2,6.5
634,Nick Lappin-lappini01,NJD,RW,0:38,6,9:42,-6.1,2.1,0,0:03,,,,0:00,-18.7,,
635,Nick Leddy-leddyni01,NYI,D,0:47,80,18:27,-1.2,2.6,4,3:16,-0.8,8.8,1.8,0:41,5.7,0,10.1
636,Nick Paul-paulni01,OTT,LW,0:33,11,7:46,7.2,0.7,3.7,0:00,,,,0:06,-15.2,0,11.3
637,Nick Ritchie-ritchni01,ANA,LW,0:54,76,12:24,1.5,2.4,2.1,0:25,-6.9,7,1.7,0:20,5.1,0,6.9
638,Nick Schmaltz-schmani01,CHI,C,0:49,78,14:14,-1.7,2.9,2.8,2:40,-2.9,5.8,1.2,1:19,7.1,1.7,5.2
639,Nick Seeler-seeleni01,MIN,D,0:48,22,13:53,-0.2,3.1,1.4,0:02,-54.8,0,0,0:35,-7.2,4.6,9.2
640,Nick Shore-shoreni01,TOT,C,0:44,64,12:15,-1,1.1,1.6,0:14,13,11.6,0,1:40,2.6,0,4.3
641,Nicklas Backstrom-backsni02,WSH,C,0:57,81,15:14,4.4,3,2.4,3:30,10.7,9.9,1.5,0:54,1,0,7.2
642,Nico Hischier-hischni01,NJD,C,0:47,82,13:44,2.5,3.7,3,2:02,-3.7,3.8,1,0:31,6.3,0,2.3
643,Nicolas Deslauriers-deslani01,MTL,LW,0:42,58,10:31,-3.3,2,1.4,0:01,13.9,0,0,1:03,-3.1,1,11.8
644,Nicolas Kerdiles-kerdini01,ANA,LW,0:47,2,3:32,-10.5,0,0,0:13,-94.1,0,0,0:00,,,
645,Nicolas Roy-royni01,CAR,C,0:40,1,10:46,-13.8,0,5.6,0:00,,,,0:00,,,
646,Nikita Kucherov-kucheni01,TBL,RW,0:48,80,16:18,3,3.7,2.9,3:30,5.5,9.6,0.2,0:00,-9.8,0,0
647,Nikita Scherbak-scherni01,MTL,RW,0:44,26,11:53,-2.9,1.2,2.4,1:27,-4.8,5.6,0,0:01,40.4,70.6,0
648,Nikita Soshnikov-soshnni01,TOT,RW,0:39,15,10:15,-6.7,1.9,1.9,0:07,-90.5,0,0,0:37,11.6,0,8.9
649,Nikita Zadorov-zadorni01,COL,D,0:42,77,17:14,-0.7,2.9,2.8,0:08,-20.4,3.8,0,2:04,2.1,0.4,4.9
650,Nikita Zaitsev-zaitsni01,TOR,D,0:49,60,19:02,-4.1,3.1,2.7,0:14,-14.7,2.7,2.7,2:56,-6.4,0.3,6.1
651,Niklas Hjalmarsson-hjalmni01,ARI,D,0:45,48,17:59,-4.1,2,2.2,0:14,0,4,0,2:28,-2.7,0,8.3
652,Niklas Kronwall-kronwni01,DET,D,0:45,79,15:46,1,1.9,2.5,2:19,-2.9,7.5,0.3,0:25,5,0,10.7
653,Nikolai Kulemin-kulemni01,NYI,LW,0:43,13,9:26,-8.3,2,2.4,0:03,18,0,0,2:26,-0.5,1.9,3.8
654,Nikolaj Ehlers-ehlerni01,WPG,LW,0:45,82,14:01,3.4,3.3,2.6,2:01,2.4,7.9,0.4,0:00,23.1,0,0
655,Nikolay Goldobin-goldoni01,VAN,LW,0:37,38,11:22,2.3,2.4,4,0:56,-2.7,6.6,3.3,0:00,,,
656,Nino Niederreiter-niedeni01,MIN,RW,0:48,63,12:42,6.9,3.4,2.1,2:13,2.2,8.1,1.7,0:03,35.5,0,0
657,Noah Hanifin-hanifno01,CAR,D,0:46,79,16:58,2.8,2.3,3,1:48,-0.2,7.2,1.7,0:05,-1.1,0,8.7
658,Noah Juulsen-juulsno01,MTL,D,0:47,23,16:42,-1.3,2,1.9,0:21,1.4,6.7,0,2:20,-5,0,11.1
659,Noel Acciari-acciano01,BOS,C,0:41,60,11:27,-6.6,1.7,2.3,0:04,-11.5,0,0,1:22,-5.7,0.7,4.4
660,Nolan Patrick-patrino01,PHI,C,0:34,73,11:52,-0.2,2.3,2,1:49,-5.5,5,1.4,0:01,11.5,0,0
661,Oliver Bjorkstrand-bjorkol01,CBJ,RW,0:50,82,12:32,0.1,2.6,2.2,1:44,-3,4.6,0.8,0:00,,,
662,Oliver Ekman-Larsson-ekmanol01,ARI,D,0:43,82,18:57,5,2.5,3.4,3:02,6,6.8,0.9,1:40,4.4,0,6.3
663,Olli Maatta-maattol01,PIT,D,0:40,82,16:00,-0.8,2.3,2.5,1:19,-3.6,6.8,0,1:25,-4.3,1.5,9.3
664,Ondrej Kase-kaseon01,ANA,RW,0:56,66,12:36,4.5,2.8,1.6,1:18,-1.3,5.3,0,0:00,34.7,0,70.6
665,Ondrej Palat-palaton01,TBL,LW,0:52,56,13:46,-0.8,3.7,2.4,2:07,-5,8.1,0.5,1:06,2.1,1,8.7
666,Oscar Fantenberg-fanteos01,LAK,D,0:42,27,12:02,-4.5,2.6,2.2,1:57,5.5,6.8,0,0:15,-1.4,0,0
667,Oscar Klefbom-klefbos01,EDM,D,0:53,66,17:48,1.7,2.7,3.4,2:45,1.5,5.4,0.9,2:15,1.6,2.3,8.8
668,Oscar Lindberg-lindbos02,VEG,C,0:52,63,10:46,-0.9,1.7,2.6,0:09,2.4,0,0,0:50,-5.7,0,7.1
669,Oskar Lindblom-lindbos01,PHI,LW,0:52,23,13:06,4.9,2.4,1.6,1:29,-7.3,1.8,0,0:00,,,
670,Oskar Sundqvist-sundqos01,STL,C,0:33,42,9:03,-5.3,1.3,2.1,0:26,-5.9,3.3,0,0:59,-2,0,5.8
671,Owen Tippett-tippeow01,FLA,RW,0:43,7,9:20,-3.3,0.9,6.4,1:43,14.1,9.9,0,0:03,-6.1,0,0
672,P.K. Subban-subbapk01,NSH,D,0:51,82,18:22,0.2,3,2.3,3:05,-0.5,8.5,0.9,2:38,5.1,0.8,7.5
673,Pat Maroon-maroopa01,TOT,LW,0:56,74,14:29,2.8,3.1,2.6,2:01,5.2,4.6,0,0:00,,0,0
674,Patric Hornqvist-hornqpa01,PIT,RW,0:42,70,13:45,1.7,3.1,2.8,3:31,2.9,12.1,0.7,0:02,33.7,0,0
675,Patrice Bergeron-bergepa01,BOS,C,0:51,64,14:39,5.6,3.5,2.1,2:57,7.6,10.5,1.2,1:49,1,1.5,5.2
676,Patrick Eaves-eavespa01,ANA,RW,0:38,2,13:04,-9.7,2.3,2.3,3:23,0,0,0,0:00,,,
677,Patrick Kane-kanepa01,CHI,RW,1:00,82,16:42,-0.2,2.8,3.6,3:23,5.5,6.6,0.4,0:04,30.1,0,0
678,Patrick Marleau-marlepa01,TOR,C,0:39,82,14:35,-0.9,3.2,3.1,1:59,2.3,7.1,0,0:23,2,0,6.5
679,Patrick Sharp-sharppa01,CHI,LW,0:40,70,11:17,-1.9,2.3,3.3,1:33,-0.2,3.8,1.1,0:02,12,0,21.6
680,Patrick Sieloff-sielopa01,OTT,D,0:35,1,11:11,5.4,5.4,16.1,0:00,,,,0:00,,,
681,Patrik Berglund-berglpa01,STL,C,0:40,57,13:30,1.3,2.2,2.5,1:43,0.1,4.3,1.2,0:56,0.2,1.2,2.3
682,Patrik Laine-lainepa01,WPG,RW,0:41,82,13:28,-1.3,3.3,2.6,3:00,-1.3,10.5,1.5,0:00,,0,0
683,Patrik Nemeth-nemetpa01,COL,D,0:54,68,16:29,-3.1,3.4,2.2,0:02,-85.9,0,0,3:19,-3.9,1.3,5.6
684,Paul Byron-byronpa01,MTL,C/LW,0:42,82,13:09,0.4,2.5,2.7,1:07,-1,8.6,1.2,1:50,6.2,0.8,5.4
685,Paul Carey-careypa01,NYR,C,0:44,60,9:44,-5.5,1.7,3.2,0:01,12.6,37.9,0,0:29,5.8,2,10.2
686,Paul Ladue-laduepa01,LAK,D,0:46,12,13:00,6.7,3.1,1.2,0:49,-19.4,6.1,0,0:08,,0,0
687,Paul Martin-martipa01,SJS,D,0:40,14,14:36,7,2.3,1.5,0:01,,0,0,0:07,-11.7,0,0
688,Paul Postma-postmpa01,BOS,D,0:44,14,9:23,-1.5,1.8,2.7,0:48,15.3,0,0,0:01,,,
689,Paul Stastny-stastpa01,TOT,C,0:43,82,14:40,5.6,3,3.1,2:38,-2,5.5,1.7,0:59,-2.1,1.7,8.3
690,Pavel Buchnevich-buchnpa01,NYR,LW,0:37,74,12:16,3.5,2.4,2.4,2:40,3.1,8.5,0.6,0:03,14.2,0,0
691,Pavel Zacha-zachapa01,NJD,C,0:48,69,12:00,0.5,2.3,2.5,1:18,-1.2,5.3,1.3,1:02,4.5,1.5,2.3
692,Peter Cehlarik-cehlape01,BOS,LW,0:47,6,11:55,-4.7,3.4,1.7,2:01,-11.4,0,0,0:00,,,
693,Peter Holland-hollape01,NYR,C,0:38,23,11:03,-8.4,0.9,3.8,0:06,-85.7,0,0,1:14,-3.6,2.1,10.5
694,Phil Kessel-kesseph01,PIT,RW,0:49,82,14:53,-0.9,3.5,3.6,3:46,0.8,11.2,0.6,0:01,8.4,0,54.5
695,Philip Holm-holmph01,VAN,D,0:43,1,15:12,-1.4,0,7.9,0:00,,,,0:00,,,
696,Phillip Danault-danauph01,MTL,LW,0:40,52,13:43,3.4,2.5,2.8,1:01,1.7,5.7,0,1:50,0.4,1.2,9.5
697,Phillip Di Giuseppe-digiuph01,CAR,LW,0:39,49,10:22,-0.9,2.5,2.5,0:07,8.7,10.7,0,0:00,,,
698,Pierre-Edouard Bellemare-bellepi01,VEG,LW,0:36,72,10:03,1.2,2.3,1.8,0:07,10.3,0,0,2:08,-8.1,0,5.6
699,Pierre-Luc Dubois-duboipi01,CBJ,LW,0:41,82,14:32,6.4,3,2.3,1:56,0.2,9.9,1.5,0:09,-15.1,0,0
700,Pontus Aberg-abergpo01,TOT,LW,0:48,53,11:47,-6.2,2.6,1.5,0:21,,0,0,0:01,-11.2,0,0
701,Radek Faksa-faksara01,DAL,C,0:42,79,13:02,-1.5,2.9,1.8,0:14,4.9,0,0,1:59,-0.7,0.4,6.8
702,Radim Vrbata-vrbatra01,FLA,RW,0:40,42,11:35,-5.2,2.2,3.1,1:18,0.7,4.1,0,0:00,,,
703,Radko Gudas-gudasra01,PHI,D,0:51,70,15:10,2.6,2.3,2.3,0:03,11.3,0,0,1:52,3.3,0.4,8.6
704,Rasmus Andersson-anderra01,CGY,D,0:48,10,13:36,0.6,1.8,2.8,1:33,9.2,5.6,0,0:16,-11.1,0,24.3
705,Rasmus Ristolainen-ristora01,BUF,D,0:58,73,20:03,1.1,2.5,3.4,3:41,5.8,7.9,1.3,2:45,-4.8,1.5,8.9
706,Reid Boucher-bouchre01,VAN,C,0:41,20,10:16,2.6,1.5,4.7,1:04,-2.2,8,2.7,0:01,,0,0
707,Reilly Smith-smithre01,VEG,RW,0:42,67,13:53,3,4.1,2.2,2:21,5,7.7,0,1:39,3.2,1,5.3
708,Remi Elie-eliere01,DAL,LW,0:41,72,9:58,-0.5,2,1.7,0:03,-11.5,0,0,0:13,-4.6,0,7.5
709,Richard Panik-panikri01,TOT,RW,0:46,72,13:06,6.1,3,2.2,1:53,0.4,6.8,0.9,0:10,-2.3,0,10.1
710,Rick Nash-nashri01,TOT,LW,0:40,71,13:04,4.7,2.3,2.8,2:21,-2.2,5.5,0.5,1:37,-0.8,0,9.7
711,Rickard Rakell-rakelri01,ANA,RW,0:36,77,16:34,2.5,3.5,3.1,2:43,7.3,6.4,0.8,0:06,21.1,0,13.3
712,Riley Nash-nashri02,BOS,C,0:38,76,13:04,-2,3,2.1,0:25,-4.6,6.4,0,1:54,-2.1,0.4,8.7
713,Riley Sheahan-sheahri01,TOT,C,0:41,81,11:48,-6,3,2.9,0:25,-4.3,6.6,0,2:26,-1.1,0.6,7
714,Rinat Valiev-valieri01,MTL,D,0:37,2,10:48,-5.2,2.8,2.8,0:51,-5,0,0,0:09,,,
715,Rob O'Gara-ogararo01,TOT,D,0:36,30,14:05,-3.7,2.3,2.6,0:00,,0,0,1:24,-3.7,0,8.6
716,Robert Bortuzzo-borturo01,STL,D,0:42,72,13:24,-0.1,2.4,1.8,0:02,13.2,0,0,1:21,-0.7,1.2,6.8
717,Robert Hagg-haggro01,PHI,D,0:45,70,16:26,-6.9,2.7,2.5,0:04,-47.9,0,0,1:36,-0.8,0.5,9.5
718,Rocco Grimaldi-grimaro01,COL,C,0:38,6,9:29,-5.6,5.3,5.3,0:08,,0,0,0:00,,,
719,Roland McKeown-mckeoro01,CAR,D,0:45,10,13:23,-1.9,3.6,2.2,0:00,,,,0:01,91.8,0,0
720,Roman Josi-josiro01,NSH,D,0:46,75,18:31,3.4,3.4,2.5,2:53,0.1,7.5,0.8,3:02,-5.4,1.3,6
721,Roman Polak-polakro01,TOR,D,0:40,54,15:07,-2.3,2.5,2.4,0:00,12.7,0,0,2:30,2.3,1.7,5.6
722,Ron Hainsey-hainsro01,TOR,D,0:46,80,17:44,-4.5,3.1,2.7,0:08,-32.4,6.2,0,3:58,-7.3,0.4,6.4
723,Ross Johnston-johnsro02,NYI,LW,0:39,24,9:16,-5.7,2.4,2.4,0:02,,0,0,0:01,-11.9,0,0
724,Ryan Callahan-callary01,TBL,RW,0:37,67,10:58,-0.2,2,2.4,0:53,-3.6,4.9,1,1:27,-1,1.3,12.6
725,Ryan Carpenter-carpery01,TOT,C,0:49,52,10:53,-0.7,3.1,3.2,0:21,5,2.7,0,1:20,2.2,1.5,10.2
726,Ryan Donato-donatry01,BOS,C,0:51,12,12:14,0.9,3.3,2.5,2:27,-1.5,18.3,0,0:00,,,
727,Ryan Dzingel-dzingry01,OTT,C,0:48,79,14:19,1.7,2.8,3.6,2:09,1.6,6,0.7,0:01,-16.2,0,0
728,Ryan Ellis-ellisry01,NSH,D,0:46,44,18:25,4,3.8,2,2:12,3.5,5.6,0,2:43,-1.7,1.5,6.5
729,Ryan Getzlaf-getzlry01,ANA,C,0:42,56,17:32,4,3.8,2.6,2:49,9.4,7.3,1.1,1:03,1.7,3,10.1
730,Ryan Hartman-hartmry01,TOT,RW,0:50,78,12:05,0.8,3,2.6,0:39,0.8,4.9,0,0:18,,0,0
731,Ryan Johansen-johanry01,NSH,C,0:46,79,14:27,2.2,3.3,2.5,3:03,0.5,7.2,1,1:02,7.2,2.2,4.3
732,Ryan Kesler-keslery01,ANA,C,0:47,44,14:20,-4,2.3,2.7,1:28,-2.4,2.7,0,2:13,-14,0,8
733,Ryan Lomberg-lombery01,CGY,LW,0:33,7,6:14,-10.9,4.1,4.1,0:01,,0,0,0:00,,,
734,Ryan McDonagh-mcdonry01,TOT,D,0:49,63,18:31,0.5,3.2,2.8,1:43,-2.6,6.8,0.6,3:05,-2.4,0.8,5.5
735,Ryan Murphy-murphry01,MIN,D,1:02,21,17:15,0.2,2.8,1.3,1:27,-10,2,2,0:18,18.2,0,0
736,Ryan Murray-murrary01,CBJ,D,0:42,44,16:08,-3.2,2.4,2,0:16,-13.2,5.1,0,2:01,5.1,0,4.4
737,Ryan Nugent-Hopkins-nugenry01,EDM,C,0:51,62,14:30,-0.4,3.3,2.8,1:57,4.8,6.2,0.5,1:37,-4.3,1.7,11.9
738,Ryan O'Reilly-oreilry01,BUF,C,0:47,81,15:39,4.1,2.6,3.5,3:35,10.5,7.8,1.4,1:33,-3,1.9,9
739,Ryan Pulock-pulocry01,NYI,D,0:52,68,16:37,4.2,2.8,3,1:40,-0.8,8.6,0,0:06,26.1,0,0
740,Ryan Reaves-reavery01,TOT,RW,0:41,79,7:33,-4.5,2,3.4,0:02,15.1,0,0,0:00,,,
741,Ryan Spooner-spoonry01,TOT,C,0:34,59,12:48,-4.6,3,3.6,2:26,-3.1,8.6,1.7,0:02,,,
742,Ryan Sproul-sproury01,NYR,D,0:53,16,15:33,3.5,2.4,3.9,0:12,-19.2,18.2,0,0:36,-4.8,0,0
743,Ryan Strome-stromry01,EDM,C,0:52,82,12:31,-0.1,2.2,2.4,1:56,4.4,4,0.4,0:45,-4.1,0.9,5.2
744,Ryan Suter-suterry01,MIN,D,1:03,78,20:41,4,2.7,2.7,3:05,4.6,9.2,0.7,3:00,-3.4,0.5,7.7
745,Sam Bennett-bennesa01,CGY,C,0:46,82,12:19,-0.9,1.8,2.8,1:21,-3.4,3.6,0.5,0:43,-3.6,0,8.3
746,Sam Gagner-gagnesa01,VAN,C,0:47,74,12:58,-1.1,2,2.9,2:01,-0.8,7.6,1.2,0:06,0.3,0,17.3
747,Sam Reinhart-reinhsa01,BUF,C,0:39,82,13:47,6.3,2.2,3,3:17,5.3,8.5,1.8,0:00,-13.7,0,0
748,Sami Niku-nikusa01,WPG,D,0:50,1,15:13,4.2,11.8,11.8,0:00,,,,0:00,,,
749,Sami Vatanen-vatansa01,TOT,D,0:46,72,18:07,-1,2.8,3,2:32,1.9,6,0.9,1:43,1,1.8,6.6
750,Sammy Blais-blaissa01,STL,LW,0:43,11,9:25,-13,2.3,1.2,1:20,5.2,8.1,4.1,0:00,,,
751,Samuel Girard-girarsa01,TOT,D,1:03,73,15:27,0.2,2.4,2.6,2:10,4.3,6.5,1.5,0:01,91.2,0,0
752,Samuel Morin-morinsa01,PHI,D,0:48,2,13:22,12,4.5,2.2,0:00,,,,2:26,15.6,0,12.3
753,Scott Harrington-harrisc01,CBJ,D,0:46,32,12:25,-7.5,2.3,2.4,0:01,12.8,0,0,0:50,-1.9,0,11.1
754,Scott Hartnell-hartnsc01,NSH,LW,0:41,62,10:46,-1,2.3,2.4,1:13,-5.7,6.3,2.4,0:00,-11,0,0
755,Scott Laughton-laughsc01,PHI,C,0:37,81,9:59,2,1.6,2.5,0:04,-38,0,0,1:03,3.7,0.7,7.3
756,Scott Mayfield-mayfisc01,NYI,D,0:49,47,16:16,-0.6,2.4,2.9,0:04,-8.7,0,0,1:29,-1.9,0.8,10.8
757,Scott Wilson-wilsosc01,TOT,C/LW,0:45,69,10:58,-1.9,2.1,3.8,0:16,-9.6,7.1,0,0:57,1.5,0,8.9
758,Scottie Upshall-upshasc01,STL,LW,0:39,63,9:26,-5.1,2.1,2.3,0:03,-21.1,0,0,1:21,-0.7,0.7,9.8
759,Sean Couturier-coutuse01,PHI,C,0:45,82,16:28,5.6,4.5,2.7,3:13,5.7,9.4,1.6,1:53,2.4,0.4,8.9
760,Sean Kuraly-kuralse01,BOS,C,0:41,75,11:00,-3.8,1.8,2.2,0:04,-25.2,0,0,1:10,0.4,0.7,6.9
761,Sean Monahan-monahse01,CGY,C,0:54,74,14:46,2.3,3.7,3.2,3:37,5,7.2,1.3,0:16,7,0,5.9
762,Sebastian Aho-ahose01,CAR,RW,0:44,78,15:12,0.9,3.2,2.9,2:40,2.1,6.9,0.3,0:02,9.9,0,0
763,Sebastian Aho-ahose02,NYI,D,0:52,21,15:17,2.2,2.8,3.8,0:57,3.1,6.6,0,0:00,,,
764,Seth Griffith-griffse01,BUF,C,0:35,21,9:54,2,0.6,2.3,0:38,-11.7,4.4,0,0:00,,,
765,Seth Jones-jonesse01,CBJ,D,0:49,78,20:05,4.4,2.7,2.3,2:42,5.7,7.7,0.3,1:49,1.1,0.4,6.5
766,Shane Gersich-gersish01,WSH,C/LW,0:44,3,9:01,3.2,2.2,4.4,0:00,,,,0:00,,,
767,Shane Prince-princsh01,NYI,C,1:05,14,11:00,-6.1,0.8,1.9,0:59,2.5,0,0,0:00,87,0,0
768,Shawn Matthias-matthsh01,WPG,C,0:44,27,9:43,-5,2.3,2.5,0:05,-37.9,0,0,1:21,-3,0,3.2
769,Shayne Gostisbehere-gostish01,PHI,D,0:55,78,17:46,3.2,3.1,2.4,3:36,6.9,10.2,1.3,0:04,-0.1,0,0
770,Shea Theodore-theodsh01,VEG,D,0:45,61,17:20,0.5,3,2.6,2:33,5.3,7.8,0,0:27,10.1,1.6,11
771,Shea Weber-webersh01,MTL,D,0:57,26,18:40,1.4,2.1,3.4,3:36,2,5.1,0,3:03,-3.3,2.1,6.8
772,Sidney Crosby-crosbsi01,PIT,C,0:43,82,16:46,5.7,3.1,2.9,3:39,2.8,11.4,0.6,0:15,12.4,0,9.4
773,Slater Koekkoek-koekksl01,TBL,D,0:34,35,10:43,-3.3,3.2,2.6,0:03,,0,0,0:27,6.4,0,3.7
774,Sonny Milano-milanso01,CBJ,LW,0:42,55,9:58,-0.3,2.4,3.1,1:40,-1.7,3.9,1.3,0:00,,,
775,Spencer Foo-foosp01,CGY,RW,0:53,4,13:45,4.3,2.2,1.1,2:06,19.7,0,0,0:00,,,
776,Stefan Matteau-mattest02,VEG,LW,0:43,8,7:56,3.1,0.9,0.9,0:16,17.5,0,0,0:00,,,
777,Stefan Noesen-noesest01,NJD,RW,0:30,72,12:51,2,2.7,2,0:20,-12.4,0,0,0:05,-3.4,0,7.7
778,Stephen Johns-johnsst03,DAL,D,0:45,75,14:41,-2.4,2.3,2,0:36,-3.8,1.3,0,2:14,2,0.7,7.2
779,Steve Bernier-bernist01,NYI,RW,0:50,4,8:45,-13.1,0,3.4,1:18,-20,11.5,0,0:00,,,
780,Steven Fogarty-fogarst01,NYR,C,0:38,1,11:49,16,0,0,0:00,,,,0:27,,,
781,Steven Kampfer-kampfst01,NYR,D,0:36,22,15:17,-5.4,1.4,2.5,0:02,-24.1,0,0,1:52,-6.2,0,5.8
782,Steven Santini-santist01,NJD,D,0:43,36,17:11,-13,2.1,2.2,0:01,,0,0,3:03,-2.9,1,5.7
783,Steven Stamkos-stamkst01,TBL,C,0:40,78,14:54,2.1,3.9,2.9,3:27,4,9.8,0.4,0:24,3.5,0,9.5
784,Sven Andrighetto-andrisv01,COL,RW,0:40,50,11:57,2.9,2.2,3.5,2:26,-1.4,7.2,1,0:05,18.2,0,12
785,Sven Baertschi-baertsv01,VAN,LW,0:37,53,13:34,-0.6,2.8,2.5,2:01,2.7,8.3,0.6,0:00,,0,0
786,T.J. Brodie-broditj01,CGY,D,0:54,73,19:03,-3.6,2.4,2.8,2:31,-0.1,6.2,1.3,2:06,-0.7,0,5.9
787,T.J. Oshie-oshietj01,WSH,C/RW,0:54,74,14:16,3.1,2.7,2.4,3:20,14.2,10.4,1.4,0:47,6.5,0,7.2
788,Tage Thompson-thompta01,STL,C,0:37,41,10:48,-0.7,1.4,3,1:06,-1.5,4,0,0:00,,,
789,Tanner Fritz-fritzta01,NYI,C,0:41,34,11:42,-1.1,1.7,2.1,0:31,-8.9,10.8,0,0:17,-7.8,0,11.6
790,Tanner Glass-glassta01,CGY,LW,0:45,16,8:27,-3,0,1.8,0:01,,0,0,0:53,-4.4,0,4.4
791,Tanner Kero-kerota01,CHI,RW,0:41,8,9:08,-5.9,3.3,2.5,0:02,,0,0,2:15,-14.9,0,6.7
792,Tanner Pearson-pearsta01,LAK,LW,0:48,82,13:08,2.5,3.5,2.8,1:48,1.6,7,0.4,1:01,-4.3,0,7.5
793,Taylor Chorney-chornta01,TOT,D,0:42,25,11:24,-6.2,3.1,1.5,0:00,,,,1:44,-1.1,1.5,7.4
794,Taylor Fedun-fedunta01,BUF,D,0:32,7,13:09,8.4,0.7,1.3,0:45,-15.1,11.4,0,0:46,35.1,0,0
795,Taylor Hall-hallta02,NJD,LW,1:00,76,16:08,5,3.7,2.9,2:54,2.5,12.1,0.8,0:06,35.3,3.4,3.4
796,Taylor Leier-leierta01,PHI,LW,0:44,39,9:02,2.2,1.5,2.7,0:16,-21.8,0,0,1:10,5.7,0,14.1
797,Teuvo Teravainen-teravte01,CAR,C,0:39,82,14:11,3.2,3.2,2.7,2:40,3.3,7.7,0.3,0:00,-10.2,0,0
798,Thomas Chabot-chaboth01,OTT,D,0:44,63,15:28,3.9,2.7,3.4,1:52,0.1,5.6,0.5,0:09,-1.5,0,0
799,Thomas Hickey-hicketh01,NYI,D,0:44,69,15:52,0.4,3.2,2.3,0:06,-20.3,10.7,10.7,2:05,2.6,1.1,8.4
800,Thomas Vanek-vanekth01,TOT,LW,0:47,80,12:05,-3.1,2.6,3.1,1:59,-3.8,6.9,2.8,0:00,,,
801,Tim Heed-heedti01,SJS,D,0:42,29,13:07,4.3,2.6,2.6,2:51,-7.6,4.8,0,0:02,17.2,0,0
802,Tim Schaller-schalti01,BOS,LW,0:39,82,11:18,-3.7,1.8,2.4,0:05,14.6,0,0,1:53,-6.3,1.6,5.1
803,Timo Meier-meierti01,SJS,RW,0:47,81,13:22,2.2,2.8,2.7,1:16,-2.9,6,0,0:13,5.5,0,3.3
804,Tobias Rieder-riedeto01,TOT,C,0:37,78,13:08,-2.9,2,3.1,0:18,6.3,9.3,0,1:11,1.7,0,7.1
805,Toby Enstrom-enstrto01,WPG,D,0:48,43,16:19,3.7,2.5,1.8,0:05,-37.4,0,0,0:36,2.1,0,13.6
806,Tom Kuhnhackl-kuhnhto01,PIT,RW,0:40,69,7:48,-9.6,1.3,2.4,0:04,16.1,11.5,0,2:07,-4.2,1.2,9.8
807,Tom Pyatt-pyattto01,OTT,C,0:39,81,11:59,-6.3,1.9,2.8,0:00,13.4,0,0,2:02,-4.9,0.7,10.5
808,Tom Wilson-wilsoto01,WSH,RW,0:49,78,14:10,3.1,3.3,2.8,0:04,-25.9,11,0,1:43,3.8,0.4,5.3
809,Tomas Hertl-hertlto01,SJS,C,0:47,79,14:05,0.5,2.8,2.9,2:29,5.2,10.3,0.6,1:30,-3.6,1.5,7.6
810,Tomas Hyka-hykato01,VEG,RW,0:47,10,10:33,1.6,2.3,1.2,1:29,-0.3,3.3,0,0:00,,,
811,Tomas Jurco-jurcoto01,CHI,RW,0:44,29,12:12,1.5,2.2,1.9,0:14,-7.4,0,8.6,0:09,-11.4,0,0
812,Tomas Nosek-nosekto01,VEG,C,0:49,67,9:28,0.1,2.4,2,0:06,9.8,0,0,1:30,-1.8,1.1,4.5
813,Tomas Plekanec-plekato01,TOT,C,0:41,77,12:59,0,2.5,2.5,0:09,11.8,0,0,1:58,-2.8,0.9,7.5
814,Tomas Tatar-tatarto01,TOT,C,0:45,82,14:01,3.2,2.5,3,2:12,4.1,6.8,0.4,0:01,85.4,0,0
815,Tommy Wingels-wingeto01,TOT,C,0:44,75,9:55,-4.9,2.9,3.2,0:16,14.1,33.3,0,1:16,-6,0,2.5
816,Torey Krug-krugto01,BOS,D,0:40,76,16:36,1.1,3,2.8,3:25,6,9.7,1.4,0:21,15.7,4.3,0
817,Torrey Mitchell-mitchto01,TOT,C,0:44,60,9:50,-3.6,1.8,2.4,0:01,15.7,0,0,1:31,-2,0.7,7.4
818,Travis Boyd-boydtr01,WSH,C,0:37,8,8:48,-4.7,2.6,0.9,0:00,,0,0,0:00,,,
819,Travis Dermott-dermotr01,TOR,D,0:41,37,15:31,6.4,3.1,1.4,0:05,9.4,0,0,0:23,10.7,0,6
820,Travis Hamonic-hamontr01,CGY,D,0:58,74,17:46,-3.7,2,2.6,0:05,12.2,0,0,2:50,-1.7,1.1,7.8
821,Travis Konecny-konectr01,PHI,C,0:45,81,13:29,-0.3,3.4,2.4,1:24,-1.5,2.1,1.1,0:00,86.5,0,0
822,Travis Sanheim-sanhetr01,PHI,D,0:40,49,14:54,5.8,2.1,2.6,0:17,1.6,0,0,0:24,2,0,2.4
823,Travis Zajac-zajactr01,NJD,C,0:48,63,13:43,-4,2,2.7,1:50,7.7,12.6,0.5,2:19,-0.7,1.2,6.6
824,Trevor Carrick-carritr01,CAR,D,0:30,1,7:32,18.1,0,0,0:00,,,,0:00,,,
825,Trevor Daley-daleytr01,DET,D,0:43,77,17:17,-4.1,2.8,3.2,0:36,5.1,0,1.3,2:47,-2.8,1.9,8.9
826,Trevor Lewis-lewistr01,LAK,C,0:44,68,13:04,-1.1,1.8,2.2,0:29,-13.7,9,3.6,1:39,-1.5,1.1,5.3
827,Trevor Murphy-murphtr01,ARI,D,0:48,8,13:24,-3.9,3.4,0.6,0:46,-7.5,0,0,0:03,-7.6,0,0
828,Trevor van Riemsdyk-vanritr01,CAR,D,0:38,79,15:31,0.7,2.8,2.3,0:12,0,0,0,1:19,-0.6,0,6.3
829,Troy Brouwer-brouwtr01,CGY,RW,0:48,76,10:37,-4.3,1.7,2.2,1:14,0.2,4.3,1.2,2:04,-5,0.8,10.4
830,Troy Stecher-stechtr01,VAN,D,0:45,68,17:03,0.4,2.4,2.8,0:14,-4.8,3.6,0,1:31,2.3,0.6,5.3
831,Troy Terry-terrytr01,ANA,C/RW,0:43,2,10:03,-3.4,0,0,0:09,,0,0,0:00,,,
832,Tucker Poolman-poolmtu01,WPG,D,0:45,24,12:28,1.5,1.8,1.4,0:02,,0,0,0:03,53.5,0,0
833,Ty Rattie-rattity01,EDM,RW,0:52,14,13:55,-3.7,4.6,4.3,1:33,7,5.5,0,0:00,,,
834,Tyler Bertuzzi-bertuty01,DET,LW,0:41,48,12:51,-2.3,2.6,3.1,1:25,-1.3,5.3,1.8,0:06,-1.8,0,0
835,Tyler Bozak-bozakty01,TOR,C,0:43,81,13:26,4.5,2.7,2.2,2:11,1.4,11.9,1,0:00,,0,0
836,Tyler Ennis-ennisty01,MIN,C,0:48,73,11:23,-0.2,2.1,2.2,0:34,-0.8,7.3,0,0:00,,0,0
837,Tyler Graovac-graovty01,WSH,C,0:39,5,6:35,-27.5,0,5.5,0:01,,0,0,0:06,-15,0,105.9
838,Tyler Johnson-johnsty01,TBL,C,0:47,81,13:12,-3,2.8,2.6,2:16,-1.7,7.1,0.6,1:30,-2.9,1,6.3
839,Tyler Motte-mottety01,TOT,C,0:45,46,10:18,-7.1,2,2.3,0:02,,0,0,0:52,-0.3,0,2.4
840,Tyler Myers-myersty01,WPG,D,0:52,82,16:45,-1.7,2.7,2.5,2:04,3.8,7.7,0.4,2:35,-0.9,1.1,6.2
841,Tyler Pitlick-pitlity01,DAL,C,0:43,80,11:51,-2.7,2.4,1.9,0:05,-12.2,0,0,1:43,0.4,0.4,6.5
842,Tyler Seguin-seguity01,DAL,C,0:38,82,16:12,0.4,3.8,2.8,3:09,-1.8,8.8,1.9,1:33,-2,0.9,8.1
843,Tyler Toffoli-toffoty01,LAK,C,0:45,82,13:44,2.1,3,2.5,1:54,0.1,7,0.4,0:28,14.6,1.4,8.6
844,Tyrell Goulbourne-goulbty01,PHI,LW,0:35,9,5:35,-3.1,1.2,3.6,0:00,,,,0:00,,,
845,Tyson Barrie-barrity01,COL,D,0:52,68,18:46,2,2.8,3.2,3:43,0.1,9.5,1.4,0:11,1,0,13.8
846,Tyson Jost-jostty01,COL,C,0:57,65,11:47,-2,1.7,2.3,2:35,0,8.7,1.4,0:14,2.5,0,7.6
847,Vadim Shipachyov-shipava01,VEG,LW,0:51,3,9:35,6.3,6.3,0,0:59,10.8,0,0,0:00,,,
848,Valentin Zykov-zykovva01,CAR,LW,0:42,10,12:41,5.1,3.8,1.9,1:00,-11.2,0,0,0:00,,,
849,Valtteri Filppula-filppva01,PHI,C,0:43,81,13:38,-7.4,2.2,2.6,1:32,-3.9,4.4,1,1:17,-7.4,1.1,10.7
850,Victor Antipin-antipvi01,BUF,D,0:46,47,14:11,0.6,1.7,2.4,0:58,-3.1,4.8,2.4,0:06,35.8,0,0
851,Victor Ejdsell-ejdsevi01,CHI,C,0:43,6,12:33,-2.7,2.4,3.2,0:46,-10.9,0,0,0:00,,,
852,Victor Hedman-hedmavi01,TBL,D,0:48,77,19:51,0.4,3.4,2.4,3:24,3.4,8.2,0.2,2:35,0.2,1.8,9.5
853,Victor Mete-metevi01,MTL,D,0:40,49,14:03,-1.4,2.9,2.5,1:24,2.5,4.1,0,0:07,0,0,4.3
854,Victor Rask-raskvi01,CAR,C,0:44,71,13:14,-3.6,2.5,2.3,2:07,-0.4,7.6,1.2,0:00,-10.6,0,0
855,Viktor Arvidsson-arvidvi01,NSH,LW,0:49,78,13:54,-0.1,3.7,2.6,2:30,-0.2,8.9,0.6,1:20,5.1,1.7,5.2
856,Vince Dunn-dunnvi02,STL,D,0:48,75,15:09,4.4,2.7,2.5,1:59,1.5,6,0.8,0:04,22.7,0,11.5
857,Vincent Trocheck-trochvi01,FLA,C,0:48,82,16:04,0.2,2.9,3.4,3:28,1.1,7,0.6,1:48,3.1,2,7.3
858,Vinni Lettieri-lettivi01,NYR,C,0:40,19,10:34,-5.8,1.2,4.5,1:28,9.1,10.7,2.1,0:00,,,
859,Vinnie Hinostroza-hinosvi01,CHI,C,0:48,50,12:23,2.4,2.6,2.1,1:26,3.9,6.7,0,0:00,-13.7,0,0
860,Vladimir Sobotka-sobotvl01,STL,C,0:49,81,14:19,-3,2,2.2,1:39,-0.1,2.7,1.3,1:08,-2.3,0.6,9.7
861,Vladimir Tarasenko-tarasvl01,STL,RW,0:50,80,15:31,3.9,3.5,2.5,3:24,3.3,5.5,1.3,0:08,1,0,6.2
862,Vladislav Kamenev-kamenvl01,COL,LW,0:46,3,8:47,-14.1,0,4.5,0:01,,,,0:00,,,
863,Vladislav Namestnikov-namesvl01,TOT,C,0:39,81,13:58,1.9,1.4,2.6,3:02,-0.6,8.6,0,0:04,-9.1,0,0
864,Wade Megan-meganwa01,STL,C,0:50,1,6:36,-38.6,0,0,0:00,,,,1:45,-13.6,0,0
865,Warren Foegele-foegewa01,CAR,LW,0:42,2,9:52,7.8,9.1,0,0:00,,,,2:03,10,0,14.6
866,Wayne Simmonds-simmowa01,PHI,RW,0:57,75,13:55,-2.1,2.4,3,3:18,7,9.9,1.7,0:51,-1.2,0.9,7
867,Will Butcher-butchwi01,NJD,D,0:51,81,13:22,7.4,2.9,2.6,2:38,0.2,9.2,1.1,0:02,-15.4,0,4.5
868,Will O'Neill-oneilwi01,PHI,D,0:47,1,9:25,-10.1,0,0,0:00,,,,0:00,,,
869,William Carrier-carriwi01,VEG,LW,0:42,37,8:43,1.4,1.5,2.1,0:06,10.1,0,0,0:01,-11.9,0,0
870,William Karlsson-karlswi01,VEG,C,1:00,82,14:39,3.7,4.1,1.9,2:24,6.8,7.3,0,1:39,2.3,2.4,6
871,William Nylander-nylanwi01,TOR,C,0:46,82,14:38,1.8,3.8,2.7,2:01,-0.2,6.7,0.7,0:01,64.5,0,0
872,Xavier Ouellet-ouellxa01,DET,D,0:43,45,12:34,1.5,2.2,2.6,0:01,8,47.4,0,1:14,5.7,1.1,6.4
873,Yanni Gourde-gourdya01,TBL,C,0:44,82,13:12,0.7,3.7,1.9,1:52,-4.5,7.6,0.4,1:04,6,2.1,6.2
874,Yannick Weber-weberya01,NSH,D,0:50,47,11:56,-6.2,1.6,1.4,0:01,12.1,0,0,0:06,-12.5,0,0
875,Yohann Auvitu-auvityo01,EDM,D,0:39,33,13:04,-0.9,3.6,2.9,0:25,-14.2,0,4.2,0:03,49.9,0,34.6
876,Zac Dalpe-dalpeza01,CBJ,RW,0:34,12,7:12,-1.6,0.7,2.1,0:14,-8.3,0,20.8,0:00,,,
877,Zac Rinaldo-rinalza01,ARI,C,0:44,53,10:31,-5.4,1.9,2.7,0:01,-38.2,0,0,0:44,-2.6,0,7.8
878,Zach Aston-Reese-astonza01,PIT,C,0:40,16,10:02,-2.5,2.6,1.9,0:29,-6.3,7.6,0,0:50,-8.8,0,0
879,Zach Bogosian-bogosza01,BUF,D,0:47,18,17:09,3,1,2.5,0:53,-10.5,0,4.1,1:06,3.5,0,12
880,Zach Hyman-hymanza01,TOR,C,0:47,82,14:33,-0.4,3.6,2.5,0:09,-19.7,0,0,2:39,-0.2,0.5,5.1
881,Zach Parise-parisza01,MIN,LW,0:45,42,13:59,-2.2,3.1,3.1,2:24,1.2,5.9,0,0:41,15.4,0,8.6
882,Zach Redmond-redmoza01,BUF,D,0:50,3,14:16,-1.3,4.2,2.8,0:01,,,,0:11,,,
883,Zach Trotman-trotmza01,PIT,D,0:42,3,11:41,-0.8,0,5.1,1:05,-17,0,0,0:00,,,
884,Zach Werenski-werenza01,CBJ,D,0:45,77,19:23,4.4,2.9,2.5,2:25,-3,5.1,1.6,0:45,4.2,1,3.8
885,Zach Whitecloud-whiteza01,VEG,D,0:50,1,16:42,3.4,10.8,0,0:00,,,,0:00,,,
886,Zack Kassian-kassiza01,EDM,RW,0:41,74,10:06,-3.8,1.8,2.7,0:05,13.3,6.2,0,1:28,3.2,1.6,8.7
887,Zack Mitchell-mitchza01,MIN,RW,0:42,23,9:50,-10.9,1.9,2.4,0:04,10.6,32.1,0,0:36,9.3,0,8.6
888,Zack Smith-smithza01,OTT,C,0:43,68,13:46,-1.2,1.6,3.6,1:31,-4.2,6.4,1.2,1:26,5.6,0.6,6.8
889,Zdeno Chara-charazd01,BOS,D,0:59,73,18:51,-1,3.2,2.4,0:23,-5.4,0,1.8,3:39,-2.7,0.9,6.8
890,Zemgus Girgensons-girgeze01,BUF,C,0:48,71,11:59,1,1.6,2.5,0:05,-13.8,0,0,1:37,-0.9,1,9.9
